﻿<ClarionProperties>
  <!-- File for TEST ONLY has been reduced TO JUST FindPatterns and ReplacePatterns -->
  <!-- This Test has Value="" to test having no text or Delimeters -->
  <Properties name="SharpDevelop.UI.OutputWindowOptions">
    <WordWrap value="True" />
  </Properties>
  <SharpDevelop.UseReleaseAsDefault value="False" />
  <SharpDevelop.ReadOnlyPrjWarning value="True" />
  <Properties name="SearchAndReplaceProperties">
    <FindPatterns value="" />
    <ReplacePatterns value="" />
  </Properties>
  <Properties name="ClarionEditor">
    <ShowBlockIndentDialog value="True" />
    <DisplayRedDialog value="True" />
    <LineOfCodeWidth value="120" />
    <OpenEmptyRedDialogIfNotSelected value="False" />
  </Properties>
</ClarionProperties>