﻿<ClarionProperties>
  <!-- File for TEST ONLY has been reduced TO JUST FindPatterns and ReplacePatterns -->
  <!-- This Test has Value=5 to test having no Value and no "quotes" -->
  <Properties name="SharpDevelop.UI.OutputWindowOptions">
    <WordWrap value="True" />
  </Properties>
  <SharpDevelop.UseReleaseAsDefault value="False" />
  <SharpDevelop.ReadOnlyPrjWarning value="True" />
  <Properties name="SearchAndReplaceProperties">
    <FindPatterns value=5 />
    <ReplacePatterns value=5 />
  </Properties>
  <Properties name="ClarionEditor">
    <ShowBlockIndentDialog value="True" />
    <DisplayRedDialog value="True" />
    <LineOfCodeWidth value="120" />
    <OpenEmptyRedDialogIfNotSelected value="False" />
  </Properties>
</ClarionProperties>