﻿<ClarionProperties>
  <!-- File for TEST ONLY has been reduced TO JUST FindPatterns and ReplacePatterns -->
  <Properties name="SharpDevelop.UI.OutputWindowOptions">
    <WordWrap value="True" />
  </Properties>
  <SharpDevelop.UseReleaseAsDefault value="False" />
  <SharpDevelop.ReadOnlyPrjWarning value="True" />
  <Properties name="SearchAndReplaceProperties">
    <CircularSearch value="True" />
    <SearchAndReplaceBinding value="Current Document" />
    <LookInFiletypes value="*.*" />
    <MatchCase value="False" />
    <MatchWholeWord value="False" />
    <IncludeSubdirectories value="False" />
    <IncludeReadOnlyBlocks value="True" />
    <SearchStrategyType value="Normal" />
    <LookIn value="C:\Users\CBarnes\Documents\Clarion Projects" />
    <FindPatterns value="|ÿfunctionÿy.squeezÿsqueezÿguidÿ.peekramÿpictureÿ_DataEndÿsliceÿquoteÿsplit ÿGET(ÿrecords(ÿss.splitÿss.ÿCsvST_xRowÿGetProcessDEPPolicyÿDepSystemTIPÿDepSysOptÿDepSysOptionÿt:openwiÿinvalidÿ(SELF.ÿQueryString(ÿVerInfoSizeÿ.InfoBlockÿabcdefÿGetCurLIDÿqueryvÿ_{QName}_ÿInfoQÿIMAGE_DOS_HEADERÿPrintDebugÿgetwindowÿ?sampleÿsampleÿhex8 ÿhex8ÿLongToHexÿDesktopÿ.writeÿGet(Implÿ?TxaSaveBtnÿCfg:WriteClassSortedÿStyleA:Implicitÿ' do 'ÿcodeq2doÿFont10ptÿPropStyleÿadd(Omitqÿpropstylÿadd(OmitQÿ?TabImpliQÿadd(ImpÿSample:ImpliÿAdd(Impÿ' omitÿpropstyleÿCodeNextRtnÿp2Classÿ')'ÿadd(Impÿadd(Impÿskipped ÿdelete(ÿSplitLinesÿ:Probleÿadd(Impliqÿadd(ImplicÿStyleA:ProblemÿsxaqÿLoadSourceQFromTxaQÿ'['ÿ&lt;HEADERÿterminatoÿtermsÿPUTINIÿadd(impliÿadd(implicÿimplicÿRoutines Founÿ*Procÿadd(XRefQÿimpliÿxrefqÿ' procedurÿfree(Codeÿget(Classqÿadd(Xreÿp2ClassDotÿAdd(Classqÿadd(EmbedqÿWriteTXAFileÿpopupunder ÿpopupunderÿadd(Impliÿadd(Implicÿs(200ÿSortHeaderClassTypeÿkeystateÿalertÿ:\DevÿloadpathÿloadpathÿDirQÿListFilesÿdelete coÿprop:Childÿhelp(ÿCBSortClass.iniÿpopup(ÿgetini(ÿseemorebutÿSystem32ÿDO OnNewSelectionMouseRightList1ÿCollapseAllÿ!!!   ?List1{PROP:Lÿ!AB (was short)ÿcolorÿ.defaultsÿ.defaultsÿmouserightÿ.iconÿColorNFGÿcolors.Defaults[ÿcolors.found[ÿcolors.found ÿcolors.foundÿlistInitÿPROP:iconlistÿinitListÿListStyle:NoneÿPropStyleÿTAB:DebugWriteÿwindow(ÿOnalertÿalertÿfrom(WriteÿAdd(WritÿOF -1ÿOROF -1ÿ.TreeLevelÿSortExportQ(1) !Must be iÿExpQTypeÿ( ÿGET( ÿgeneratecodeÿSORT(ÿExportQ_to_FilterQ ÿAccepted:SortOrderÿSortOrderÿadd(writeeÿExportQ_to_FilterQÿ'Write EXP file to for Exporting Symbÿ!FilteredQ ÿRonsFormatÿDo Change Mÿgeneratecodÿgen codeÿgencodeÿRonsÿExportQÿateclassesÿ.Iconÿprop:IcoÿexpwriÿexportQÿWhat would you likeÿGenerateMapÿclassesÿAB.jpgÿmit allÿe allÿe:multiÿ\BIN\ClaRun.DLL' ÿswindow ÿfont('ÿSwindow WINDOW('Search SymbolsÿCarl barnÿMessageÿould you like to view the map ÿ!FileName = CLIP(LEFT(COMMAND('REÿOmit allÿsetdropidÿfiledialog(ÿfiledialogÿmatchÿDropIdÿ FileAddedÿOnDrop               ROUÿcommandÿOnDropÿt:dropÿdropidÿFileAddedÿcommand(ÿPopupunder(fÿPopupundÿcommand(ÿ'|'ÿcarl barnesÿPreAcceptÿPreAccept:CommandLineÿrun(ÿIF argRonsFormaÿGenerateClasses   PROCEDÿDumpPEExportTableÿ'subtract .libÿ'subtract libÿOF ?AddFile OROF ?Subtÿfiledialogÿwin32.libÿwin32.dllÿFileNamePopupSystem32ÿsubtractfileÿsubtractfÿsubtractÿincludeÿSubtractFileLIBÿSubtractLibÿpopupundeÿSubtractLIBÿ:AddFileÿFileNamePopupClarionÿpopupunderÿskipaddexportqÿ       !Lcl:MethoÿIf 0ÿ.iniÿgetiniÿWild Cardÿ.iniÿmatch:Wildÿ.iniÿmATCH:RegexÿmATCH:wILDÿasciifilÿasciifÿmsgmodeÿ Theme.LineModeÿ=ÿlunaÿIMMÿedge03ÿCarlEdgeCalcRtnÿBevPutINIÿBevelHeightÿBevelWidthÿBevelDecÿBevInnerÿprop:ÿsyncrtnÿLoadFromINIÿSyncControlsÿSyncControls()ÿsyncconÿCarlCheckBevelÿSyncControls ÿwritelisÿ?ButtonALLO:Radio1ÿcrlfsÿCREATE:Listÿsetkeycÿ~Enbÿ:Visibleÿ~InVisÿ~VisÿReOpenCTRLÿUncheckRtnÿFldQ:PHideÿ'visÿ:seemoreÿseemoreÿAtCtrlPropsÿTextViewWindowÿPropViewWindowÿPQÿLIST:HasSortColumnÿproplist:DeÿPROPLIST:ÿProcedureÿSortCaseSensitiveÿMemChrÿstOutputDebugStringÿstWideCharToMultiByteÿMemChrÿ mapÿreplaceÿBtnQÿButtonQÿCBTaskButtonQueueÿCbControlApiClassÿENTRY(@s255),ÿ%Xÿ%EÿLine1310ÿ%kÿ%YÿMenuButtonÿ^Tÿcommand(ÿ.Copy2Clipÿ%EÿCopy2Clipÿgetini(ÿ ;ÿexplorerÿfrom getini(ÿfrom getiniÿQuote1ÿ&amp;nÿFoldQ:LwrÿSpeczDropQClsÿCSPosÿCfg_OpenWithÿOpenWithQÿList:OpenWithQÿCmd_CloseÿbeepÿDirFileSpecÿNewDirFileSpecÿDirFileSpecÿSemi2ÿSemi1ÿDirFilespÿFolderÿ?FolderÿFolderÿSHAutoCompleteÿOpenWithFromIniRtn1ÿOpenWithQLoadRtnÿSpec1ÿdoo.cmdÿdoo.parÿdoo.pÿdoo.ÿdoo..ÿIncFileNameÿtake_Incÿ.MaxLevelÿ.CntFilesÿ'microÿIncScanGrpTypeÿCodeLineMaskSmashÿALineÿCodeLineMaskSmashÿCodeLineMaskNoiseÿ','ÿ OROF ÿCodeLineMaskSmashÿpipepoÿOMITTEDÿomittedÿthumbÿframeÿSM_CMETRICSÿpre(Equÿequatesÿequates10ÿvariables inÿRegXBeforeÿVarQ:VarNameÿResQ:VarNameÿ&amp; Tb9 &amp; ÿ&amp; Tb9 &amp;ÿSortQÿSortQ:ÿVarbQ:ÿSortQ:ÿMSC:ÿ23ÿiconÿleftÿDebtorÿCbRGQÿCbRedGrnQÿList:CbRedGrnQÿRGCheckÿBytCheckÿSmpCheck1ÿSmpCheck0ÿChkQ:ChkNdxÿChkQ:ChkChrÿCbSmpQÿCbByteQÿ?List:CbByteQÿCbByteQ:ÿCbSimpleQÿList:CbSimpleQÿdrop(ÿfrom('ÿ?List:ÿList:DingQÿcharset:ÿfontdialogÿStyleDingMapView1ÿshow1ÿ#4#ÿCbRGQ:CBByteÿ,1ÿpropstylÿOtÿKeywordStripÿHashLineÿHashLineThisÿKeywordStripÿ_VirtualÿStrip_OrdinalÿExtraSpaceStripÿStrip_ExSpaceÿNoExtraSpacesÿOriginalÿStripRtnOriginalÿispvoiceÿicon(ÿ.icoÿDrawLatchBoxÿSplitterÿ?SplitterBarÿtabrectÿPropBrokenTabsÿcycleÿcolor:ÿ321,ÿPropDownÿat(12,ÿat(14,ÿTextReadsDOWNÿTheMoneyÿ?TheMoneyÿTheMoneyÿ    ENTRY(@n$7),AT(40,12),  USE(TheMoney,,?TheMoney:2) ÿ    ENTRY(@n$7),AT(40,12),  USE(TheMoney,,?TheMoney:2)ÿ    ENTRY(@n$7),AT(40,12),  USE(TheMoney,, ?TheMoney:2)ÿ    ENTRY(@n$7),AT(40,12),  USE(TheMoney,, ?TheMoney2)ÿ    ENTRY(@n$7),AT(40,1),   USE(TheMoney)ÿ,AT(87,12)ÿBelowXPosMaxÿAboveXPosMinÿBelowWndWdÿAboveWndWdÿDragBeginÿSplitHÿYPosÿSplitYÿWndHtÿYPosÿWndHtÿYPosÿSplitYÿDragYNowÿfontlistÿfonts" />
    <ReplacePatterns value="MethQ:ÿMethodQÿ.StrÿBigBangSystemStringÿCsvST_GotRowÿCsvST_xRowÿSystemDepTIPÿSysDepOptÿSysDepOptionÿSystemDepPolicyÿDepSysOpt:RADIOÿCBImageHlpClassÿCBImageHlpÿ(SELF.Info.ÿSELF.Info.ÿQueryInfo(ÿSizeVIBlockÿ.VIBlockÿ!ÿInfoQÿCBVerInfoQueueTypeÿCBVerInfoClassÿCBVersionInfoÿCbVersionInfoÿ~C(0)ÿCBPEImageClsÿWslDebugPrintÿPasswordOnTextPROPÿFEQÿFÿ                            PSTRING('&lt;&lt;ÿXR2Q:ÿTXQÿModulzQÿList:ModulzQÿExpQ2Doÿ(ÿGET(ÿWriteExpQÿExpQTypeÿIncOmtAllDllXÿ!Theme.LineModeÿThemeÿ!SELF.IgnoreWindowsTheme(FALSE)ÿ',ÿ','ÿAdd1('ÿEdges2BVLstyleRtnÿBVLcolorÿBVLheightÿBVLwidthÿBVLcodeÿBVLouterÿBVLinnerÿBVLstyleÿBvlInnerÿBevInnerÿBevStyleÿDO SyncRtnÿRdoQÿBtnQÿCBTDBtnQueueÿCBTDButtonQueueÿCBTaskButtonQueueÿTEXT,SINGLE,ÿ%Eÿ;ÿOpenWithNmÿSpeczÿs2ÿs1ÿ?FoldrÿCmdXÿCmd1ÿCLineÿÿ,ÿScreenÿThumbÿFrameÿ&lt;9&gt;ÿVaribQÿVaribQ:ÿVarQ:ÿVarbQ:ÿResQ:ÿFMC:ÿFilerÿChkQÿCheckQÿListCBÿCheckÿCheck1ÿCheck0ÿChkQ:ChkBox2[2]ÿChkQ:ChkBox2[1]ÿChkQÿCheckQÿ?ListCBÿChkQ:ÿCheckQÿListCBÿ?ListÿList:ÿListÿ#8#ÿ#6#ÿCbRGQ:StyleShowÿ,NdxÿPrcÿNoFlatÿNoFlatThisÿStrip_virtualÿStrip_ExSpaceÿ275,ÿ321,ÿat(13,ÿat(12,ÿTextReads:DOWNÿCHECKÿ?Showÿÿ,AT(42,12)ÿRightXPosMaxÿLeftXPosMinÿRightWndWdÿLeftWndWdÿSplitWÿXPosÿSplitXÿWndWdÿXPosÿWndWdÿXPosÿSplitXÿDragXNow" />
    <MultiLineMatch value="True" />
  </Properties>
  <Properties name="ClarionEditor">
    <ShowBlockIndentDialog value="True" />
    <DisplayRedDialog value="True" />
    <LineOfCodeWidth value="120" />
    <OpenEmptyRedDialogIfNotSelected value="False" />
  </Properties>
</ClarionProperties>