﻿<ClarionProperties>
  <ShowTipsAtStartup value="True" />
  <Properties name="WorkbenchMemento">
    <bounds value="0,0,800,600" />
    <windowstate value="Maximized" />
    <defaultstate value="Maximized" />
  </Properties>
  <MenuShorcuts_UseFullName value="False" />
  <CoreProperties.UILanguage value="en-US" />
  <SoftVelocity.Gui.FileDialog.RememberInitialDirectory value="False" />
  <Properties name="Clarion.Dictionary">
    <InitialVersion value="Initial Version" />
    <QuickViewType value="Advanced" />
    <Freeze value="Ask" />
    <LoadConvertProject value="Ask" />
    <EnforceDotNetNames value="False" />
    <AddVersionComment value="True" />
    <VersionComment value="**** Version {version} added" />
    <IncrementalSearchTimeout value="300" />
    <AskBeforePartialSave value="False" />
    <LocatorOnToolbar value="False" />
    <DefaultDriver value="TOPSPEED" />
    <ThreadDefault value="True" />
    <OEMDefault value="False" />
    <SortTables value="Label" />
    <DisplayTableDescription value="True" />
    <DisplayTableDriver value="True" />
    <DisplayTablePrefix value="True" />
    <CopyDescriptionToMessage value="True" />
    <CopyDescriptionToToolTip value="True" />
    <DisplayColumnDescription value="True" />
    <DisplayColumnType value="True" />
    <DisplayColumnPicture value="True" />
    <DisplayColumnPrefix value="False" />
    <DisplayColumnDerivation value="False" />
    <DisplayDerivedColumnTableName value="True" />
    <Properties name="DataTypeDefaults">
      <Properties name="ANY">
        <Justification value="None" />
        <Offset value="0" />
        <Characters value="0" />
        <Places value="0" />
      </Properties>
      <Properties name="ASTRING">
        <Justification value="None" />
        <Offset value="0" />
        <Characters value="0" />
        <Places value="0" />
      </Properties>
      <Properties name="BFLOAT4">
        <Justification value="None" />
        <Offset value="0" />
        <Characters value="0" />
        <Places value="0" />
      </Properties>
      <Properties name="BFLOAT8">
        <Justification value="None" />
        <Offset value="0" />
        <Characters value="0" />
        <Places value="0" />
      </Properties>
      <Properties name="BLOB">
        <Justification value="None" />
        <Offset value="0" />
        <Characters value="0" />
        <Places value="0" />
      </Properties>
      <Properties name="BSTRING">
        <Characters value="20" />
        <Justification value="None" />
        <Offset value="0" />
        <Places value="0" />
      </Properties>
      <Properties name="BYTE">
        <Justification value="None" />
        <Offset value="0" />
        <Characters value="0" />
        <Places value="0" />
      </Properties>
      <Properties name="CLASS">
        <Justification value="None" />
        <Offset value="0" />
        <Characters value="0" />
        <Places value="0" />
      </Properties>
      <Properties name="CSTRING">
        <Characters value="21" />
        <Justification value="None" />
        <Offset value="0" />
        <Places value="0" />
      </Properties>
      <Properties name="DATE">
        <Justification value="None" />
        <Offset value="0" />
        <Characters value="0" />
        <Places value="0" />
      </Properties>
      <Properties name="DECIMAL">
        <Characters value="7" />
        <Places value="2" />
        <Justification value="Decimal" />
        <Offset value="12" />
      </Properties>
      <Properties name="GROUP">
        <Justification value="None" />
        <Offset value="0" />
        <Characters value="0" />
        <Places value="0" />
      </Properties>
      <Properties name="LIKE">
        <Justification value="None" />
        <Offset value="0" />
        <Characters value="0" />
        <Places value="0" />
      </Properties>
      <Properties name="LONG">
        <Justification value="Right" />
        <Offset value="1" />
        <Characters value="0" />
        <Places value="0" />
      </Properties>
      <Properties name="MEMO">
        <Characters value="1000" />
        <Justification value="None" />
        <Offset value="0" />
        <Places value="0" />
      </Properties>
      <Properties name="PDECIMAL">
        <Characters value="7" />
        <Places value="2" />
        <Justification value="Decimal" />
        <Offset value="12" />
      </Properties>
      <Properties name="PICTURE">
        <Justification value="None" />
        <Offset value="0" />
        <Characters value="0" />
        <Places value="0" />
      </Properties>
      <Properties name="PSTRING">
        <Characters value="21" />
        <Justification value="None" />
        <Offset value="0" />
        <Places value="0" />
      </Properties>
      <Properties name="QUEUE">
        <Justification value="None" />
        <Offset value="0" />
        <Characters value="0" />
        <Places value="0" />
      </Properties>
      <Properties name="REAL">
        <Justification value="Decimal" />
        <Offset value="14" />
        <Characters value="0" />
        <Places value="0" />
      </Properties>
      <Properties name="SHORT">
        <Justification value="Right" />
        <Offset value="1" />
        <Characters value="0" />
        <Places value="0" />
      </Properties>
      <Properties name="SIGNED">
        <Justification value="None" />
        <Offset value="0" />
        <Characters value="0" />
        <Places value="0" />
      </Properties>
      <Properties name="SREAL">
        <Justification value="Decimal" />
        <Offset value="14" />
        <Characters value="0" />
        <Places value="0" />
      </Properties>
      <Properties name="STRING">
        <Characters value="40" />
        <Justification value="None" />
        <Offset value="0" />
        <Places value="0" />
      </Properties>
      <Properties name="TIME">
        <Justification value="None" />
        <Offset value="0" />
        <Characters value="0" />
        <Places value="0" />
      </Properties>
      <Properties name="TYPE">
        <Justification value="None" />
        <Offset value="0" />
        <Characters value="0" />
        <Places value="0" />
      </Properties>
      <Properties name="ULONG">
        <Justification value="Right" />
        <Offset value="1" />
        <Characters value="0" />
        <Places value="0" />
      </Properties>
      <Properties name="UNSIGNED">
        <Justification value="None" />
        <Offset value="0" />
        <Characters value="0" />
        <Places value="0" />
      </Properties>
      <Properties name="USHORT">
        <Justification value="Right" />
        <Offset value="1" />
        <Characters value="0" />
        <Places value="0" />
      </Properties>
      <Properties name="WINDOW">
        <Justification value="None" />
        <Offset value="0" />
      </Properties>
    </Properties>
    <DisplayKeyComponents value="False" />
    <DisplayKeyDescription value="True" />
    <DisplayKeyType value="True" />
    <DisplayKeyPrefix value="False" />
    <DisplayKeyOtherAttributes value="True" />
    <DisplayKeyPrimary value="False" />
    <DisplayKeyUnique value="True" />
    <HotKeysOnTabs value="False" />
  </Properties>
  <Properties name="Clarion.Versions">
    <Properties name="Clarion 10.0.12567">
      <path value="D:\Clarion10\bin" />
      <IsWindowsVersion value="True" />
      <IsClarion62 value="False" />
      <Properties name="RedirectionFile">
        <Name value="Clarion100.red" />
        <SupportsInclude value="True" />
        <Properties name="Macros">
          <root value="D:\Clarion10" />
          <reddir value="D:\Clarion10\bin" />
        </Properties>
      </Properties>
      <libsrc value="D:\Clarion10\Accessory\libsrc\win;D:\Clarion10\libsrc\win" />
      <Properties name="Compilers">
        <clw value="Claclw.dll" />
        <cpp value="Clacpp.dll" />
        <mod value="Clamod.dll" />
        <asm value="Claasm.dll" />
        <lpe value="Clalpe.dll" />
      </Properties>
      <CWVersion value="10000" />
      <ini value="" />
      <DdeTimeOut value="0" />
    </Properties>
    <Properties name="Clarion.NET 4.0.12567">
      <path value="D:\Clarion10\bin" />
      <IsWindowsVersion value="False" />
      <Properties name="RedirectionFile">
        <Name value="ClarionNet40.red" />
        <SupportsInclude value="True" />
        <Properties name="Macros">
          <root value="D:\Clarion10" />
          <reddir value="D:\Clarion10\bin" />
        </Properties>
      </Properties>
      <libsrc value="D:\Clarion10\libsrc\DotNet" />
      <CWVersion value="2000" />
      <ini value="" />
    </Properties>
    <Properties name="Clarion 11.0.13505">
      <path value="D:\Clarion11\bin" />
      <IsWindowsVersion value="True" />
      <IsClarion62 value="False" />
      <Properties name="RedirectionFile">
        <Name value="Clarion110.red" />
        <SupportsInclude value="True" />
        <Properties name="Macros">
          <root value="D:\Clarion11" />
          <reddir value="D:\Clarion11\bin" />
        </Properties>
      </Properties>
      <libsrc value="D:\Clarion11\Accessory\libsrc\win;D:\Clarion11\libsrc\win" />
      <Properties name="Compilers">
        <clw value="Claclw.dll" />
        <cpp value="Clacpp.dll" />
        <mod value="Clamod.dll" />
        <asm value="Claasm.dll" />
        <lpe value="Clalpe.dll" />
      </Properties>
      <CWVersion value="11000" />
      <WideAppgenDialogs value="True" />
      <DdeTimeOut value="0" />
      <ini value="" />
    </Properties>
    <Properties name="Clarion.NET 4.0.13505">
      <path value="D:\Clarion11\bin" />
      <IsWindowsVersion value="False" />
      <Properties name="RedirectionFile">
        <Name value="ClarionNet40.red" />
        <SupportsInclude value="True" />
        <Properties name="Macros">
          <root value="D:\Clarion11" />
          <reddir value="D:\Clarion11\bin" />
        </Properties>
      </Properties>
      <libsrc value="D:\Clarion11\libsrc\DotNet" />
      <CWVersion value="2000" />
      <WideAppgenDialogs value="False" />
      <ini value="" />
    </Properties>
  </Properties>
  <SharpDevelop.LoggerVerbosity value="Normal" />
  <Properties name="RecentOpen" />
  <RemoveMissingRecents value="True" />
  <MaximumRecentEntries value="16" />
  <DeleteWillSendToRecycleBin value="True" />
  <ICSharpCode.SharpDevelop.Gui.SupportMultipleInstances value="True" />
  <Properties name="SoftVelocity.Lic">
    <Name value="Carl Barnes" />
    <Serial_11 value="XMJ346-TVWNLP-R8FUL3-ZS47A1-1AUL93-1ASCGU-7UWXMD-RY6ASR-B28QZA-SRB68C-NJA" />
    <ClarionSharpSerial_11 value="" />
  </Properties>
  <ShowStatusMessage value="True" />
  <ShowStatusProgress value="True" />
  <ShowNotification value="True" />
  <ICSharpCode.SharpDevelop.Gui.UseProfessionalRenderer value="True" />
  <ICSharpCode.SharpDevelop.Gui.ProfessionalRendererColorTableStyles value="Win10Blue" />
  <Properties name="CodeCompletionOptions">
    <EnableCC value="True" />
    <DataUsageCacheEnabled value="True" />
    <DataUsageCacheItemCount value="500" />
    <TooltipsEnabled value="True" />
    <TooltipsOnlyWhenDebugging value="False" />
    <CompleteWhenTyping value="True" />
    <CompleteOnInsertionKey value="False" />
    <NewLineOnEnterAfterFullWord value="True" />
    <KeywordCompletionEnabled value="True" />
    <ShrinkListWhenTyping value="True" />
    <InsightEnabled value="True" />
    <InsightRefreshOnComma value="True" />
  </Properties>
  <Workbench.CurrentLayout value="Application" />
  <MergedTools value="Clarion-tools" />
  <ICSharpCode.SharpDevelop.Gui.UseSmallIconsInToolbar value="False" />
  <Properties name="ToolbarService">
    <DocumentIconSize value="24" />
    <DocumentHeight value="42" />
    <FrameIconSize value="24" />
    <FrameHeight value="42" />
    <PadIconSize value="24" />
    <PadHeight value="34" />
  </Properties>
  <ICSharpCode.SharpDevelop.Gui.DockPanelStyle value="VS2013" />
  <Properties name="Workspace.ViewMementos" />
  <Properties name="ICSharpCode.SharpDevelop.Gui.FullscreenOptions">
    <HideMainMenu value="False" />
    <ShowMainMenuOnMouseMove value="True" />
    <HideToolbars value="True" />
    <HideStatusBar value="True" />
    <ShowStatusBarOnMouseMove value="True" />
    <HideTabs value="False" />
    <HideVerticalScrollbar value="False" />
    <HideHorizontalScrollbar value="False" />
    <HideWindowsTaskbar value="True" />
  </Properties>
  <ICSharpCode.SharpDevelop.Gui.ToolBarVisible value="True" />
  <ICSharpCode.SharpDevelop.Gui.StatusBarVisible value="True" />
  <Workbench.ShowFullPathOnTitle value="True" />
  <SharpDevelop.LoadPrevProjectOnStartup value="False" />
  <Properties name="CoreProperties.ComponentsFont">
    <Array name="ListOfFonts">
      <Element value="ListControls|List Controls|Segoe UI,9" />
      <Element value="StartPage|Start Page|Segoe UI,17" />
      <Element value="TextEditor|Text Editor, Output Window (Proportional Font)|Consolas,11" />
    </Array>
  </Properties>
  <Properties name="AppGen Dialogs">
    <DlgFontName value="&quot;Microsoft Sans Serif&quot;" />
    <DlgFontSize value="9" />
    <DlgFontStyle value="400" />
  </Properties>
  <SharpDevelop.LoadDocumentProperties value="True" />
  <Properties name="Environment">
    <Properties name="File Drivers">
      <Version value="1" />
      <Claado.dll value="installed" />
      <Claasc.dll value="installed" />
      <Clabas.dll value="installed" />
      <Clabtr.dll value="installed" />
      <Clacla.dll value="installed" />
      <Claclp.dll value="installed" />
      <Cladb3.dll value="installed" />
      <Cladb4.dll value="installed" />
      <Clados.dll value="installed" />
      <Clafox.dll value="installed" />
      <Clamem.dll value="installed" />
      <Clamss.dll value="installed" />
      <Claodb.dll value="installed" />
      <Claora.dll value="installed" />
      <Clasca.dll value="installed" />
      <Clasqa.dll value="installed" />
      <Clalit.dll value="installed" />
      <Clatps.dll value="installed" />
    </Properties>
    <Properties name="Data Dictionaries">
      <Properties name="Clarion Dictionary">
        <DLL value="Cladct.dll" />
        <deletable value="0" />
      </Properties>
      <Properties name="Clarion TXD File">
        <DLL value="Cladct.dll" />
        <deletable value="0" />
      </Properties>
      <Properties name="Clarion XML File">
        <DLL value="Cladct.dll" />
        <deletable value="0" />
      </Properties>
      <Properties name="C6 Clarion Dictionary File">
        <DLL value="Cladct.dll" />
        <deletable value="0" />
      </Properties>
      <Properties name="Comma Delimited Files (Basic)">
        <DLL value="ClaBASS.DLL" />
        <deletable value="1" />
      </Properties>
      <Properties name="Btrieve Files via DDF">
        <DLL value="ClaBTRS.DLL" />
        <deletable value="1" />
      </Properties>
      <Properties name="Btrieve Files">
        <DLL value="ClaBTRS.DLL" />
        <deletable value="1" />
      </Properties>
      <Properties name="Clarion .DAT Files">
        <DLL value="ClaCLAS.DLL" />
        <deletable value="1" />
      </Properties>
      <Properties name="Clipper Files">
        <DLL value="ClaCLPS.DLL" />
        <deletable value="1" />
      </Properties>
      <Properties name="dBaseIII Files">
        <DLL value="ClaDB3S.DLL" />
        <deletable value="1" />
      </Properties>
      <Properties name="dBaseIV Files">
        <DLL value="ClaDB4S.DLL" />
        <deletable value="1" />
      </Properties>
      <Properties name="FoxPro Files">
        <DLL value="ClaFOXS.DLL" />
        <deletable value="1" />
      </Properties>
      <Properties name="Microsoft SQL Server">
        <DLL value="ClaMSSS.DLL" />
        <deletable value="1" />
      </Properties>
      <Properties name="ODBC">
        <DLL value="ClaODBCS.DLL" />
        <deletable value="1" />
      </Properties>
      <Properties name="Oracle">
        <DLL value="ClaORAS.DLL" />
        <deletable value="1" />
      </Properties>
      <Properties name="Pervasive SQL Server">
        <DLL value="ClaSCAS.DLL" />
        <deletable value="1" />
      </Properties>
      <Properties name="SQL Anywhere Server">
        <DLL value="ClaSQAS.DLL" />
        <deletable value="1" />
      </Properties>
      <Properties name="SQLite">
        <DLL value="ClaLitS.DLL" />
        <deletable value="1" />
      </Properties>
      <Properties name="TopSpeed Files">
        <DLL value="ClaTPSS.DLL" />
        <deletable value="1" />
      </Properties>
    </Properties>
  </Properties>
  <Properties name="WindowPositions">
    <Properties name="HostedDialogApplication Options">
      <bounds value="304,174,759,524" />
    </Properties>
    <Properties name="OptionsDialog">
      <bounds value="291, 71, 849, 769" />
    </Properties>
    <Properties name="ICSharpCode.SharpDevelop.Gui.SearchAndReplaceDialog.Location">
      <location value="705, 105" />
    </Properties>
    <Properties name="SearchAndReplaceDialog">
      <location value="705, 105" />
    </Properties>
    <Properties name="LoadViaRedirectionFileDialog">
      <bounds value="404, 353, 560, 165" />
    </Properties>
    <Properties name="ICSharpCode.SharpDevelop.Gui.NewProjectDialog.Location">
      <bounds value="415, 169, 538, 534" />
    </Properties>
    <Properties name="GotoDialog">
      <bounds value="0, 0, 413, 297" />
    </Properties>
    <Properties name="ICSharpCode.SharpDevelop.Gui.NewFileDialog.Location">
      <bounds value="0, 0, 526, 415" />
    </Properties>
    <Properties name="HostedDialogPrompts Based Dialog">
      <bounds value="269,264,829,344" />
    </Properties>
    <Properties name="SoftVelocity.ClarionNet.ClaFormatParser.ListFmtDlg">
      <bounds value="319, 8, 730, 856" />
    </Properties>
    <Properties name="SoftVelocity.Common.Dialogs.FileDrivers.SelectFileDriverDialog">
      <bounds value="481, 189, 405, 494" />
    </Properties>
    <Properties name="HostedDialogSelection Dialog">
      <bounds value="361,232,646,407" />
    </Properties>
    <Properties name="DataDictionary.Editor.Field">
      <bounds value="327, 153, 714, 566" />
    </Properties>
    <Properties name="DataDictionary.FileSchemaSelectDialog">
      <bounds value="182, 182, 735, 449" />
    </Properties>
    <Properties name="HostedDialogProcedure Name">
      <bounds value="541,385,286,102" />
    </Properties>
  </Properties>
  <Properties name="Application">
    <CondGeneration value="on" />
    <DebugGeneration value="off" />
    <Auto_Make value="on" />
    <Auto_Designer value="on" />
    <Xlat_MASK value="off" />
    <Repeat_Procedures value="on" />
    <PopulateMain value="off" />
    <RequireDictionary value="off" />
    <MultiUser value="off" />
    <AutoSaveSize value="16" />
    <ApplicationWizard value="on" />
    <ProcedureWizard value="on" />
    <NameClash value="0" />
    <ModuleProcs value="10" />
    <Debug_File value="&quot;C:\tpldebug.txt&quot;" />
    <DefaultDictionary value="&quot;&quot;" />
    <DisableField value="off" />
    <TranslateControl value="on" />
    <LocalMap value="off" />
    <AskOnOK value="off" />
    <AskOnClose value="on" />
    <AskOnCancel value="on" />
    <LegacyAction value="1" />
    <ShowPriority value="on" />
    <AlphaSortEmbeds value="on" />
    <CommentEmbeds value="off" />
    <StrictRuntimeError value="on" />
    <IgnoreFamily value="off" />
    <Cw21ProcedureCall value="off" />
    <TranslateErrors value="on" />
    <CacheGlobalEmbed value="off" />
    <CacheProcedureEmbed value="off" />
    <RefreshEmbedAfterSource value="on" />
    <MaxCachedEmbeds value="32" />
    <RecursiveText value="&quot; (Recursive)&quot;" />
    <ExpandAboveText value="&quot; (Expanded Above)&quot;" />
    <LastSelectTab value="1" />
    <UseLongFilenames value="on" />
    <ComplexEmbedTree value="on" />
    <UseDotSyntax value="off" />
    <SortFiles value="off" />
    <LockRetries value="50" />
  </Properties>
  <Properties name="Control Synchronization">
    <ApplicationLoad value="off" />
    <Windows value="on" />
    <Reports value="on" />
    <SyncVariables value="off" />
    <PrimaryAttrOnly value="off" />
    <ChangeControlTypes value="on" />
    <SyncDropNonDrop value="off" />
    <ClearHelpEtc value="off" />
    <ClearAlrtEtc value="off" />
    <OverrideSize value="on" />
    <Refreeze value="on" />
    <IgnoreFreeze value="off" />
    <SyncListbox value="on" />
    <SyncHeading value="2" />
    <WarnDialog value="on" />
    <WarnOnResize value="off" />
    <WarnFile value="&quot;sync.txt&quot;" />
    <ClearFont value="off" />
    <ClearCursor value="off" />
    <ClearIcon value="off" />
    <ClearAlert value="off" />
    <ClearKey value="off" />
    <ClearColor value="off" />
    <ClearTally value="off" />
  </Properties>
  <Properties name="Virtual Embed">
    <ShowStart value="on" />
    <ShowEnd value="on" />
    <StartPrefix value="&quot;! Start of &quot;&quot;&quot;" />
    <StartSuffix value="&quot;&quot;&quot;&quot;" />
    <EndPrefix value="&quot;! End of &quot;&quot;&quot;" />
    <EndSuffix value="&quot;&quot;&quot;&quot;" />
    <EditErrors value="on" />
    <DefaultEditor value="off" />
  </Properties>
  <Properties name="Registry">
    <Default_Width value="300" />
    <Default_Height value="200" />
    <MessageLines value="2" />
    <Reregister_if_changed value="on" />
    <Update_Template_Chain value="off" />
    <Recreate_deleted_templates value="off" />
    <EnableAssert value="on" />
  </Properties>
  <Properties name="TextEditorSettings">
    <TabsToSpaces value="True" />
    <IndentationSize value="4" />
    <EnableFolding value="True" />
    <ShowQuickClassBrowserPanel value="True" />
    <MouseWheelTextZoom value="False" />
    <Encoding value="1252" />
    <ShowLineNumbers value="True" />
    <ShowInvalidLines value="True" />
    <ShowBracketHighlight value="True" />
    <ShowErrors value="True" />
    <ShowHRuler value="False" />
    <ShowEOLMarkers value="False" />
    <ShowVRuler value="False" />
    <ShowTabs value="False" />
    <ShowSpaces value="False" />
    <VRulerRow value="80" />
    <LineViewerStyle value="FullRow" />
    <BracketMatchingStyle value="After" />
    <AutoInsertCurlyBracket value="True" />
    <HideMouseCursor value="False" />
    <CursorBehindEOL value="True" />
    <AutoInsertTemplates value="True" />
    <CutCopyWholeLine value="False" />
    <TabIndent value="4" />
    <IndentStyle value="Auto" />
    <MouseWheelScrollDown value="True" />
    <TextRenderingHint value="SystemDefault" />
    <IconBarVisible value="True" />
    <DocumentSelectionMode value="Normal" />
    <DefaultFont value="[Font: Name=Courier New, Size=10, Units=3, GdiCharSet=1, GdiVerticalFont=False]" />
  </Properties>
  <Properties name="FileDialog">
    <UseRedirectionFileOpen value="False" />
    <OpenFileViaRedDialogAutoComplete value="True" />
  </Properties>
  <ICSharpCode.SharpDevelop.Gui.ProjectBrowser.ShowExtensions value="True" />
  <SharpDevelop.UI.CurrentAmbience value="Clarion" />
  <Properties name="SharpDevelop.UI.CodeGenerationOptions">
    <BlankLinesBetweenMembers value="True" />
    <StartBlockOnSameLine value="True" />
    <ElseOnClosing value="True" />
    <GenerateAdditionalComments value="True" />
    <GenerateDocumentComments value="True" />
    <UseFullyQualifiedNames value="True" />
  </Properties>
  <SharpDevelop.UI.UseProjectAmbience value="True" />
  <SharpDevelop.CreateBackupCopy value="False" />
  <SharpDevelop.LineTerminatorStyle value="Windows" />
  <FileReadOnlyText value="+" />
  <SharpDevelop.FileChangeWatcher.DetectExternalChanges value="True" />
  <SharpDevelop.FileChangeWatcher.AutoLoadExternalChanges value="True" />
  <Array name="SharpDevelop.TaskListTokens">
    <Element value="FIXME" />
    <Element value="HACK" />
    <Element value="TODO" />
    <Element value="UNDONE" />
  </Array>
  <Properties name="SharpDevelop.UI.OutputWindowOptions">
    <WordWrap value="True" />
  </Properties>
  <ICSharpCode.SharpDevelop.Gui.Dialogs.NewProjectDialog.DefaultPath value="D:\Dev10\CapeSoft\StringTheory" />
  <SharpDevelop.KillProcessBeforeBuild value="True" />
  <SharpDevelop.QueryBeforeKillRunningTarget value="True" />
  <SharpDevelop.KillCCCEXEBeforeBuild value="True" />
  <SharpDevelop.UseLastSolutionFolderForDefault value="True" />
  <SharpDevelop.UseSolutionFolderInsteadDefault value="True" />
  <SharpDevelop.TreatUnrelatedFilesAsSolutions value="False" />
  <SharpDevelop.CloseStartPageOnSolutionOpening value="True" />
  <SharpDevelop.ShowErrorListAfterBuild value="True" />
  <SharpDevelop.BuildAsProcess value="True" />
  <SharpDevelop.UseReleaseAsDefault value="False" />
  <SharpDevelop.ReadOnlyPrjWarning value="True" />
  <Properties name="SearchAndReplaceProperties">
    <CircularSearch value="True" />
    <SearchAndReplaceBinding value="Current Document" />
    <LookInFiletypes value="*.*" />
    <MatchCase value="False" />
    <MatchWholeWord value="False" />
    <IncludeSubdirectories value="False" />
    <IncludeReadOnlyBlocks value="True" />
    <SearchStrategyType value="Normal" />
    <LookIn value="C:\Users\CBarnes\Documents\Clarion Projects" />
    <FindPatterns value="|ÿfunctionÿy.squeezÿsqueezÿguidÿ.peekramÿpictureÿ_DataEndÿsliceÿquoteÿsplit ÿGET(ÿrecords(ÿss.splitÿss.ÿCsvST_xRowÿGetProcessDEPPolicyÿDepSystemTIPÿDepSysOptÿDepSysOptionÿt:openwiÿinvalidÿ(SELF.ÿQueryString(ÿVerInfoSizeÿ.InfoBlockÿabcdefÿGetCurLIDÿqueryvÿ_{QName}_ÿInfoQÿIMAGE_DOS_HEADERÿPrintDebugÿgetwindowÿ?sampleÿsampleÿhex8 ÿhex8ÿLongToHexÿDesktopÿ.writeÿGet(Implÿ?TxaSaveBtnÿCfg:WriteClassSortedÿStyleA:Implicitÿ' do 'ÿcodeq2doÿFont10ptÿPropStyleÿadd(Omitqÿpropstylÿadd(OmitQÿ?TabImpliQÿadd(ImpÿSample:ImpliÿAdd(Impÿ' omitÿpropstyleÿCodeNextRtnÿp2Classÿ')'ÿadd(Impÿadd(Impÿskipped ÿdelete(ÿSplitLinesÿ:Probleÿadd(Impliqÿadd(ImplicÿStyleA:ProblemÿsxaqÿLoadSourceQFromTxaQÿ'['ÿ&lt;HEADERÿterminatoÿtermsÿPUTINIÿadd(impliÿadd(implicÿimplicÿRoutines Founÿ*Procÿadd(XRefQÿimpliÿxrefqÿ' procedurÿfree(Codeÿget(Classqÿadd(Xreÿp2ClassDotÿAdd(Classqÿadd(EmbedqÿWriteTXAFileÿpopupunder ÿpopupunderÿadd(Impliÿadd(Implicÿs(200ÿSortHeaderClassTypeÿkeystateÿalertÿ:\DevÿloadpathÿloadpathÿDirQÿListFilesÿdelete coÿprop:Childÿhelp(ÿCBSortClass.iniÿpopup(ÿgetini(ÿseemorebutÿSystem32ÿDO OnNewSelectionMouseRightList1ÿCollapseAllÿ!!!   ?List1{PROP:Lÿ!AB (was short)ÿcolorÿ.defaultsÿ.defaultsÿmouserightÿ.iconÿColorNFGÿcolors.Defaults[ÿcolors.found[ÿcolors.found ÿcolors.foundÿlistInitÿPROP:iconlistÿinitListÿListStyle:NoneÿPropStyleÿTAB:DebugWriteÿwindow(ÿOnalertÿalertÿfrom(WriteÿAdd(WritÿOF -1ÿOROF -1ÿ.TreeLevelÿSortExportQ(1) !Must be iÿExpQTypeÿ( ÿGET( ÿgeneratecodeÿSORT(ÿExportQ_to_FilterQ ÿAccepted:SortOrderÿSortOrderÿadd(writeeÿExportQ_to_FilterQÿ'Write EXP file to for Exporting Symbÿ!FilteredQ ÿRonsFormatÿDo Change Mÿgeneratecodÿgen codeÿgencodeÿRonsÿExportQÿateclassesÿ.Iconÿprop:IcoÿexpwriÿexportQÿWhat would you likeÿGenerateMapÿclassesÿAB.jpgÿmit allÿe allÿe:multiÿ\BIN\ClaRun.DLL' ÿswindow ÿfont('ÿSwindow WINDOW('Search SymbolsÿCarl barnÿMessageÿould you like to view the map ÿ!FileName = CLIP(LEFT(COMMAND('REÿOmit allÿsetdropidÿfiledialog(ÿfiledialogÿmatchÿDropIdÿ FileAddedÿOnDrop               ROUÿcommandÿOnDropÿt:dropÿdropidÿFileAddedÿcommand(ÿPopupunder(fÿPopupundÿcommand(ÿ'|'ÿcarl barnesÿPreAcceptÿPreAccept:CommandLineÿrun(ÿIF argRonsFormaÿGenerateClasses   PROCEDÿDumpPEExportTableÿ'subtract .libÿ'subtract libÿOF ?AddFile OROF ?Subtÿfiledialogÿwin32.libÿwin32.dllÿFileNamePopupSystem32ÿsubtractfileÿsubtractfÿsubtractÿincludeÿSubtractFileLIBÿSubtractLibÿpopupundeÿSubtractLIBÿ:AddFileÿFileNamePopupClarionÿpopupunderÿskipaddexportqÿ       !Lcl:MethoÿIf 0ÿ.iniÿgetiniÿWild Cardÿ.iniÿmatch:Wildÿ.iniÿmATCH:RegexÿmATCH:wILDÿasciifilÿasciifÿmsgmodeÿ Theme.LineModeÿ=ÿlunaÿIMMÿedge03ÿCarlEdgeCalcRtnÿBevPutINIÿBevelHeightÿBevelWidthÿBevelDecÿBevInnerÿprop:ÿsyncrtnÿLoadFromINIÿSyncControlsÿSyncControls()ÿsyncconÿCarlCheckBevelÿSyncControls ÿwritelisÿ?ButtonALLO:Radio1ÿcrlfsÿCREATE:Listÿsetkeycÿ~Enbÿ:Visibleÿ~InVisÿ~VisÿReOpenCTRLÿUncheckRtnÿFldQ:PHideÿ'visÿ:seemoreÿseemoreÿAtCtrlPropsÿTextViewWindowÿPropViewWindowÿPQÿLIST:HasSortColumnÿproplist:DeÿPROPLIST:ÿProcedureÿSortCaseSensitiveÿMemChrÿstOutputDebugStringÿstWideCharToMultiByteÿMemChrÿ mapÿreplaceÿBtnQÿButtonQÿCBTaskButtonQueueÿCbControlApiClassÿENTRY(@s255),ÿ%Xÿ%EÿLine1310ÿ%kÿ%YÿMenuButtonÿ^Tÿcommand(ÿ.Copy2Clipÿ%EÿCopy2Clipÿgetini(ÿ ;ÿexplorerÿfrom getini(ÿfrom getiniÿQuote1ÿ&amp;nÿFoldQ:LwrÿSpeczDropQClsÿCSPosÿCfg_OpenWithÿOpenWithQÿList:OpenWithQÿCmd_CloseÿbeepÿDirFileSpecÿNewDirFileSpecÿDirFileSpecÿSemi2ÿSemi1ÿDirFilespÿFolderÿ?FolderÿFolderÿSHAutoCompleteÿOpenWithFromIniRtn1ÿOpenWithQLoadRtnÿSpec1ÿdoo.cmdÿdoo.parÿdoo.pÿdoo.ÿdoo..ÿIncFileNameÿtake_Incÿ.MaxLevelÿ.CntFilesÿ'microÿIncScanGrpTypeÿCodeLineMaskSmashÿALineÿCodeLineMaskSmashÿCodeLineMaskNoiseÿ','ÿ OROF ÿCodeLineMaskSmashÿpipepoÿOMITTEDÿomittedÿthumbÿframeÿSM_CMETRICSÿpre(Equÿequatesÿequates10ÿvariables inÿRegXBeforeÿVarQ:VarNameÿResQ:VarNameÿ&amp; Tb9 &amp; ÿ&amp; Tb9 &amp;ÿSortQÿSortQ:ÿVarbQ:ÿSortQ:ÿMSC:ÿ23ÿiconÿleftÿDebtorÿCbRGQÿCbRedGrnQÿList:CbRedGrnQÿRGCheckÿBytCheckÿSmpCheck1ÿSmpCheck0ÿChkQ:ChkNdxÿChkQ:ChkChrÿCbSmpQÿCbByteQÿ?List:CbByteQÿCbByteQ:ÿCbSimpleQÿList:CbSimpleQÿdrop(ÿfrom('ÿ?List:ÿList:DingQÿcharset:ÿfontdialogÿStyleDingMapView1ÿshow1ÿ#4#ÿCbRGQ:CBByteÿ,1ÿpropstylÿOtÿKeywordStripÿHashLineÿHashLineThisÿKeywordStripÿ_VirtualÿStrip_OrdinalÿExtraSpaceStripÿStrip_ExSpaceÿNoExtraSpacesÿOriginalÿStripRtnOriginalÿispvoiceÿicon(ÿ.icoÿDrawLatchBoxÿSplitterÿ?SplitterBarÿtabrectÿPropBrokenTabsÿcycleÿcolor:ÿ321,ÿPropDownÿat(12,ÿat(14,ÿTextReadsDOWNÿTheMoneyÿ?TheMoneyÿTheMoneyÿ    ENTRY(@n$7),AT(40,12),  USE(TheMoney,,?TheMoney:2) ÿ    ENTRY(@n$7),AT(40,12),  USE(TheMoney,,?TheMoney:2)ÿ    ENTRY(@n$7),AT(40,12),  USE(TheMoney,, ?TheMoney:2)ÿ    ENTRY(@n$7),AT(40,12),  USE(TheMoney,, ?TheMoney2)ÿ    ENTRY(@n$7),AT(40,1),   USE(TheMoney)ÿ,AT(87,12)ÿBelowXPosMaxÿAboveXPosMinÿBelowWndWdÿAboveWndWdÿDragBeginÿSplitHÿYPosÿSplitYÿWndHtÿYPosÿWndHtÿYPosÿSplitYÿDragYNowÿfontlistÿfonts" />
    <ReplacePatterns value="MethQ:ÿMethodQÿ.StrÿBigBangSystemStringÿCsvST_GotRowÿCsvST_xRowÿSystemDepTIPÿSysDepOptÿSysDepOptionÿSystemDepPolicyÿDepSysOpt:RADIOÿCBImageHlpClassÿCBImageHlpÿ(SELF.Info.ÿSELF.Info.ÿQueryInfo(ÿSizeVIBlockÿ.VIBlockÿ!ÿInfoQÿCBVerInfoQueueTypeÿCBVerInfoClassÿCBVersionInfoÿCbVersionInfoÿ~C(0)ÿCBPEImageClsÿWslDebugPrintÿPasswordOnTextPROPÿFEQÿFÿ                            PSTRING('&lt;&lt;ÿXR2Q:ÿTXQÿModulzQÿList:ModulzQÿExpQ2Doÿ(ÿGET(ÿWriteExpQÿExpQTypeÿIncOmtAllDllXÿ!Theme.LineModeÿThemeÿ!SELF.IgnoreWindowsTheme(FALSE)ÿ',ÿ','ÿAdd1('ÿEdges2BVLstyleRtnÿBVLcolorÿBVLheightÿBVLwidthÿBVLcodeÿBVLouterÿBVLinnerÿBVLstyleÿBvlInnerÿBevInnerÿBevStyleÿDO SyncRtnÿRdoQÿBtnQÿCBTDBtnQueueÿCBTDButtonQueueÿCBTaskButtonQueueÿTEXT,SINGLE,ÿ%Eÿ;ÿOpenWithNmÿSpeczÿs2ÿs1ÿ?FoldrÿCmdXÿCmd1ÿCLineÿÿ,ÿScreenÿThumbÿFrameÿ&lt;9&gt;ÿVaribQÿVaribQ:ÿVarQ:ÿVarbQ:ÿResQ:ÿFMC:ÿFilerÿChkQÿCheckQÿListCBÿCheckÿCheck1ÿCheck0ÿChkQ:ChkBox2[2]ÿChkQ:ChkBox2[1]ÿChkQÿCheckQÿ?ListCBÿChkQ:ÿCheckQÿListCBÿ?ListÿList:ÿListÿ#8#ÿ#6#ÿCbRGQ:StyleShowÿ,NdxÿPrcÿNoFlatÿNoFlatThisÿStrip_virtualÿStrip_ExSpaceÿ275,ÿ321,ÿat(13,ÿat(12,ÿTextReads:DOWNÿCHECKÿ?Showÿÿ,AT(42,12)ÿRightXPosMaxÿLeftXPosMinÿRightWndWdÿLeftWndWdÿSplitWÿXPosÿSplitXÿWndWdÿXPosÿWndWdÿXPosÿSplitXÿDragXNow" />
    <MultiLineMatch value="True" />
  </Properties>
  <Properties name="ClarionEditor">
    <ShowBlockIndentDialog value="True" />
    <DisplayRedDialog value="True" />
    <LineOfCodeWidth value="120" />
    <OpenEmptyRedDialogIfNotSelected value="False" />
  </Properties>
  <Properties name="ClarionEditor.CodeCompletion">
    <Properties name="Clarion">
      <AddCodeSnippets value="True" />
      <KeywordsCompletionRule value="0" />
      <NamesCompletionRule value="2" />
      <ListRowsNumber value="10" />
      <RememberListWidth value="True" />
      <UseEnhancedList value="True" />
      <MergeOverriddenMethods value="True" />
      <EnableAutoLineContinuation value="False" />
      <ValidEndChars value=")'._:]}?;#&quot;$" />
      <CompletionListWidth value="383" />
    </Properties>
  </Properties>
  <Properties name="ICSharpCode.TextEditor.Document.Document.DefaultDocumentAggregatorProperties" />
  <Properties name="ClarionEditor.Autoformatter">
    <PreferredColumn value="21" />
    <EnableEnteredLineFormatting value="True" />
    <IndentStatementsFromCODE value="True" />
    <TreatStatementEndsWithColonAsLabel value="False" />
    <IndentComments value="False" />
    <FormatTextAfterPastingSeveralLines value="False" />
    <DontIndentCommentsOnFirstCol value="True" />
    <SetProgramToPreferredCol value="True" />
    <SetNamespaceToPreferredCol value="True" />
    <SetUsingToPreferredCol value="False" />
    <SetMapToPreferredCol value="True" />
    <SetPragmaToPreferredCol value="False" />
    <IndentOfFromCase value="False" />
    <FormatBlockAfterEnd value="False" />
    <FormatBlockAfterEndOnlyInCode value="True" />
    <ContinuousLineIndentMultiplier value="1" />
  </Properties>
  <Properties name="XmlEditor.AddIn.Options">
    <ShowAttributesWhenFolded value="False" />
    <ShowSchemaAnnotation value="True" />
    <ext.dctx value="" />
    <ext.dctopt value="" />
    <ext.winprev value="" />
    <ext.xml value="" />
    <ext.xsl value="" />
    <ext.xslt value="" />
    <ext.xsd value="" />
    <ext.manifest value="" />
    <ext.config value="" />
    <ext.addin value="" />
    <ext.xshd value="" />
    <ext.wxs value="" />
    <ext.wxi value="" />
    <ext.wxl value="" />
    <ext.proj value="" />
    <ext.csproj value="" />
    <ext.vbproj value="" />
    <ext.ilproj value="" />
    <ext.build value="" />
    <ext.xfrm value="" />
    <ext.targets value="" />
    <ext.xaml value="" />
    <ext.xpt value="" />
    <ext.xft value="" />
    <ext.map value="" />
    <ext.wsdl value="" />
    <ext.disco value="" />
    <ext.xmta value="" />
  </Properties>
  <Properties name="ComponentInspector.Properties">
    <AddRunningComObjects value="True" />
    <AutoInvokeProperties value="True" />
    <ShowAssemblyPanel value="True" />
    <ShowControlPanel value="False" />
    <ShowGacPanel value="False" />
    <ShowPropertyAccessorMethods value="False" />
    <ShowFields value="True" />
    <ShowProperties value="True" />
    <ShowMethods value="True" />
    <ShowEvents value="True" />
    <ShowBaseClasses value="True" />
    <ShowPublicMembersOnly value="False" />
    <ShowMemberCategories value="True" />
    <ShowObjectAsBaseClass value="True" />
    <ShowBaseCategories value="True" />
    <CategoryThreshold value="100" />
    <ShowBaseClassNames value="False" />
    <DisplayHex value="False" />
  </Properties>
  <Properties name="ICSharpCode.Svn.Options">
    <AutomaticallyAddFiles value="True" />
    <AutomaticallyDeleteFiles value="True" />
    <AutomaticallyRenameFiles value="True" />
    <AutomaticallyReloadProject value="True" />
    <UseHistoryDisplayBinding value="True" />
  </Properties>
  <Properties name="ClarionWindows.GeneralOptions">
    <ProjectParsingCondition value="ParseHandCodedAndOpenedApp" />
    <UseLightweightParsingMode value="True" />
    <CopyDlls value="True" />
  </Properties>
  <Properties name="DataDiagrammer">
    <InitialZoomFactor value="70" />
    <GridOption value="Points" />
    <ShowRelations value="False" />
    <TableGridLines value="False" />
    <TableDrawingOption value="Collapsed" />
    <TableFontColor value="Black" />
    <TableBackGroundColor value="White" />
    <DiagramBackGroundColor value="White" />
    <ArrowColor value="Black" />
    <BackgroundImage value="" />
    <PrintDiagramBackgroundColor value="False" />
    <PrintDiagramBackgroundImage value="False" />
    <PrintTableFillColor value="False" />
    <ArrangeOnExpandCollapse value="True" />
    <DblClickExpandsCollapses value="False" />
  </Properties>
  <Properties name="SoftVelocity.Generator.ApplicationService">
    <OnSolutionLoadedEditApp value="True" />
    <OnSolutionLoadedAllwaysAllowLibHunter value="False" />
    <cacheAppAfterEdit value="False" />
    <EditDataAsTxa value="False" />
    <RestoreSolutionViewState value="False" />
    <AlwaysShowChangedDateTime value="True" />
    <HaveLocator value="True" />
    <LocatorOnToolbar value="True" />
    <DefaultApplicationsListSort value="ByName" />
    <ApplicationPadSplitter1 value="177" />
    <generationModeConditional value="GlobalOption" />
    <generateTrace value="GlobalOption" />
    <generateSelection value="All" />
    <makeAndRunWihtDebuger value="Off" />
    <generateBeforeBuild value="On" />
  </Properties>
  <Properties name="Clarion.WindowPreviewer">
    <TabStyle value="BlackAndWhite" />
    <ListLineHeight value="0" />
  </Properties>
  <Properties name="SoftVelocity.ExceptionLogViewer">
    <FilePattern value="exception-??????-??????.log" />
    <FirstLinePattern value="Created ([ 1-3][0-9]/[0-3][0-9]/[0-9][0-9][0-9]?[0-9]? [ 12][0-9]:[0-9][0-9] *(AM|PM)?)" />
    <Array name="MapFiles" />
  </Properties>
  <FormsDesigner.DesignerOptions.PropertyGridSortAlphabetical value="False" />
  <FormsDesigner.DesignerOptions.UseOptimizedCodeGeneration value="True" />
  <FormsDesigner.DesignerOptions.ObjectBoundSmartTagAutoShow value="True" />
  <FormsDesigner.DesignerOptions.EnableInSituEditing value="True" />
  <FormsDesigner.DesignerOptions.UseSmartTags value="True" />
  <FormsDesigner.DesignerOptions.InsertTodoComment value="False" />
  <FormsDesigner.DesignerOptions.ActivateOnFileOpen value="True" />
  <WindowDesigner.DesignerOptions.PropertyGridSortAlphabetical value="False" />
  <WindowDesigner.DesignerOptions.ObjectBoundSmartTagAutoShow value="True" />
  <WindowDesigner.DesignerOptions.EnableSuppressTransparency value="True" />
  <WindowDesigner.DesignerOptions.EnableUseVisualStyles value="False" />
  <WindowDesigner.DesignerOptions.UseSmartTags value="True" />
  <WindowDesigner.DesignerOptions.SelectToolboxonRun value="False" />
  <WindowDesigner.DesignerOptions.OpenControlTemplates value="False" />
  <WindowDesigner.DesignerOptions.AskforSaveonClose value="True" />
  <WindowDesigner.DesignerOptions.AskforC6Compatible value="True" />
  <WindowDesigner.DesignerOptions.ShowCommandToolbar value="True" />
  <WindowDesigner.DesignerOptions.ShowPropertiesToolbar value="False" />
  <WindowDesigner.DesignerOptions.OpenLargeSurface value="False" />
  <WindowDesigner.DesignerOptions.SnapToGridMode value="False" />
  <WindowDesigner.DesignerOptions.GridSizeWidth value="8" />
  <WindowDesigner.DesignerOptions.GridSizeHeight value="8" />
  <WindowDesigner.DesignerOptions.ShowGrid value="True" />
  <WindowDesigner.DesignerOptions.SnapToGrid value="True" />
  <WindowDesigner.DesignerOptions.UseSnapLines value="True" />
  <SharpDevelop.PreferenceInSolutionFolder value="False" />
  <ProjectBrowser.ShowAll value="False" />
  <SharpDevelop.BuildProcesses value="1" />
  <Properties name="StartingDirectories">
    <U002A.sln value="D:\Dev10\CapeSoft\StringTheory" />
    <U002A.U002A value="D:\Dev10Carl\ReflectBevel" />
  </Properties>
  <Dialogs.NewProjectDialog.LargeImages value="True" />
  <Dialogs.NewProjectDialog.LastSelectedCategory value="Clarion for Windows" />
  <ICSharpCode.SharpDevelop.Gui.NewProjectDialog.AutoCreateProjectSubdir value="False" />
  <Properties name="TaskViewControls">
    <Properties name="ErrorList">
      <Properties name="Columns">
        <Description value="912" />
        <File value="196" />
        <Path value="196" />
      </Properties>
    </Properties>
  </Properties>
  <FormsDesigner.DesignerOptions.GridSizeWidth value="8" />
  <FormsDesigner.DesignerOptions.GridSizeHeight value="8" />
  <FormsDesigner.DesignerOptions.ShowGrid value="True" />
  <FormsDesigner.DesignerOptions.SnapToGrid value="True" />
  <FormsDesigner.DesignerOptions.UseSnapLines value="True" />
  <Properties name="PropertyPadGrid">
    <PropertyGridLabelSize value="62" />
  </Properties>
  <ReportDesigner.DesignerOptions.ShowPropertiesToolbar value="False" />
  <Properties name="SoftVelocity.FileSchemaPad">
    <FileSchemaPadHorizontal value="False" />
    <FileSchemaPadHorizontalSeperator value="187" />
  </Properties>
  <Dialogs.NewFileDialog.LastSelectedCategory value="Clarion" />
  <CoreProperties.QuietMode value="True" />
  <FormsDesigner.DesignerOptions.SnapToGridMode value="False" />
  <Properties name="Debugger">
    <last__us__src__us__1 value="BIGBANGTHEORY.CLW" />
    <last__us__src__us__2 value="COMPRESSBUGS.CLW" />
    <last__us__src__us__3 value="WXEH.CPP" />
    <last__us__program value="D:\Dev10\Bugs10\Compress\CompressBugs.exe" />
    <last__us__path value="D:\Dev10\Bugs10\Compress" />
    <Array name="frame">
      <Element value="17" />
      <Element value="0" />
      <Element value="0" />
      <Element value="0" />
      <Element value="5" />
      <Element value="0" />
      <Element value="0" />
      <Element value="0" />
      <Element value="40" />
      <Element value="5" />
      <Element value="0" />
      <Element value="0" />
      <Element value="60" />
      <Element value="3" />
      <Element value="0" />
      <Element value="0" />
      <Element value="1" />
    </Array>
    <Array name="entry__us__break">
      <Element value="1" />
    </Array>
    <Array name="dll__us__load__us__break">
      <Element value="0" />
    </Array>
    <Array name="to__us__top">
      <Element value="1" />
    </Array>
    <Array name="first__us__source__us__stop">
      <Element value="0" />
    </Array>
    <Array name="start__us__proc">
      <Element value="1" />
    </Array>
    <Array name="kernel__us__step">
      <Element value="0" />
    </Array>
    <Array name="unmangle__us__names">
      <Element value="1" />
    </Array>
    <Array name="dump__us__in__us__new">
      <Element value="1" />
    </Array>
    <Array name="show__us__exceptions">
      <Element value="0" />
    </Array>
    <default__us__redirection value="" />
    <Array name="font__us__custom">
      <Element value="0" />
    </Array>
    <last__us__src__us__4 value="" />
  </Properties>
  <SharpDevelopColorDialog.CustomColors value="" />
  <SearchAndReplace.SearchResultPanelViewMode value="Flat" />
  <SharpDevelop.ShowErrorListAndPinIfErrors value="True" />
  <AnyScreen.Settings.FirstStart value="0" />
  <AnyScreen.Settings.ClientLocation1 value="\AnyScreenClient\WindowsClient\NetClient.exe" />
  <AnyScreen.Settings.ClientLocation3 value="\AnyScreenClient\JavaClient\AnyScreenClient.jar" />
  <AnyScreen.Settings.RunOnPortNumber value="12000" />
  <AnyScreen.Settings.KillActiveProcesses value="1" />
  <AnyScreen.Settings.ClientLabel0 value="Run with AnyScreen HTML5 Client" />
  <AnyScreen.Settings.ClientLabel1 value="Run with AnyScreen Windows Client" />
  <AnyScreen.Settings.ClientLabel3 value="Run with AnyScreen Java Client" />
</ClarionProperties>