﻿<ClarionProperties>
  <!-- File for TEST ONLY has been reduced TO JUST FindPatterns and ReplacePatterns -->
  <!-- This Test just has 10 items so should rarely need shrinking -->
  <Properties name="SharpDevelop.UI.OutputWindowOptions">
    <WordWrap value="True" />
  </Properties>
  <SharpDevelop.UseReleaseAsDefault value="False" />
  <SharpDevelop.ReadOnlyPrjWarning value="True" />
  <Properties name="SearchAndReplaceProperties">
    <CircularSearch value="True" />
    <SearchAndReplaceBinding value="Current Document" />
    <LookInFiletypes value="*.*" />
    <MatchCase value="False" />
    <MatchWholeWord value="False" />
    <IncludeSubdirectories value="False" />
    <IncludeReadOnlyBlocks value="True" />
    <SearchStrategyType value="Normal" />
    <LookIn value="C:\Users\CBarnes\Documents\Clarion Projects" />
    <FindPatterns value="|ÿfunctionÿy.squeezÿsqueezÿguidÿ.peekramÿpictureÿ_DataEndÿsliceÿquote" />
    <ReplacePatterns value="MethQ:ÿMethodQÿ.StrÿBigBangSystemStringÿCsvST_GotRowÿCsvST_xRowÿSystemDepTIPÿSysDepOptÿSysDepOptionÿSystemDepPolicy" />
    <MultiLineMatch value="True" />
  </Properties>
  <Properties name="ClarionEditor">
    <ShowBlockIndentDialog value="True" />
    <DisplayRedDialog value="True" />
    <LineOfCodeWidth value="120" />
    <OpenEmptyRedDialogIfNotSelected value="False" />
  </Properties>
</ClarionProperties>