﻿<ClarionProperties>
  <MenuShorcuts_UseFullName value="False" />
  <CoreProperties.UILanguage value="en-US" />
  <SoftVelocity.Gui.FileDialog.RememberInitialDirectory value="False" />
  <Properties name="Clarion.Dictionary">
    <SortTables value="Label" />
    <EnforceDotNetNames value="False" />
    <Properties name="DataTypeDefaults">
      <Properties name="STRING">
        <Justification value="None" />
        <Offset value="0" />
        <Characters value="40" />
        <Places value="0" />
      </Properties>
      <Properties name="LONG">
        <Justification value="Right" />
        <Offset value="1" />
        <Characters value="0" />
        <Places value="0" />
      </Properties>
      <Properties name="BYTE">
        <Justification value="None" />
        <Offset value="0" />
        <Characters value="0" />
        <Places value="0" />
      </Properties>
      <Properties name="CSTRING">
        <Justification value="None" />
        <Offset value="0" />
        <Characters value="21" />
        <Places value="0" />
      </Properties>
      <Properties name="SHORT">
        <Justification value="Right" />
        <Offset value="1" />
        <Characters value="0" />
        <Places value="0" />
      </Properties>
      <Properties name="DECIMAL">
        <Justification value="Decimal" />
        <Offset value="12" />
        <Characters value="7" />
        <Places value="2" />
      </Properties>
      <Properties name="GROUP">
        <Justification value="None" />
        <Offset value="0" />
        <Characters value="0" />
        <Places value="0" />
      </Properties>
      <Properties name="MEMO">
        <Justification value="None" />
        <Offset value="0" />
        <Characters value="1000" />
        <Places value="0" />
      </Properties>
      <Properties name="DATE">
        <Justification value="None" />
        <Offset value="0" />
        <Characters value="0" />
        <Places value="0" />
      </Properties>
      <Properties name="USHORT">
        <Justification value="Right" />
        <Offset value="1" />
        <Characters value="0" />
        <Places value="0" />
      </Properties>
      <Properties name="TIME">
        <Justification value="None" />
        <Offset value="0" />
        <Characters value="0" />
        <Places value="0" />
      </Properties>
      <Properties name="BLOB">
        <Justification value="None" />
        <Offset value="0" />
        <Characters value="0" />
        <Places value="0" />
      </Properties>
      <Properties name="REAL">
        <Justification value="Decimal" />
        <Offset value="14" />
        <Characters value="0" />
        <Places value="0" />
      </Properties>
      <Properties name="LIKE">
        <Justification value="None" />
        <Offset value="0" />
        <Characters value="0" />
        <Places value="0" />
      </Properties>
      <Properties name="WINDOW">
        <Justification value="None" />
        <Offset value="0" />
      </Properties>
      <Properties name="ANY">
        <Justification value="None" />
        <Offset value="0" />
        <Characters value="0" />
        <Places value="0" />
      </Properties>
      <Properties name="ASTRING">
        <Justification value="None" />
        <Offset value="0" />
        <Characters value="0" />
        <Places value="0" />
      </Properties>
      <Properties name="BFLOAT4">
        <Justification value="None" />
        <Offset value="0" />
        <Characters value="0" />
        <Places value="0" />
      </Properties>
      <Properties name="BFLOAT8">
        <Justification value="None" />
        <Offset value="0" />
        <Characters value="0" />
        <Places value="0" />
      </Properties>
      <Properties name="BSTRING">
        <Characters value="20" />
        <Justification value="None" />
        <Offset value="0" />
        <Places value="0" />
      </Properties>
      <Properties name="CLASS">
        <Justification value="None" />
        <Offset value="0" />
        <Characters value="0" />
        <Places value="0" />
      </Properties>
      <Properties name="PDECIMAL">
        <Characters value="7" />
        <Places value="2" />
        <Justification value="Decimal" />
        <Offset value="12" />
      </Properties>
      <Properties name="PICTURE">
        <Justification value="None" />
        <Offset value="0" />
        <Characters value="0" />
        <Places value="0" />
      </Properties>
      <Properties name="PSTRING">
        <Characters value="21" />
        <Justification value="None" />
        <Offset value="0" />
        <Places value="0" />
      </Properties>
      <Properties name="QUEUE">
        <Justification value="None" />
        <Offset value="0" />
        <Characters value="0" />
        <Places value="0" />
      </Properties>
      <Properties name="REPORT">
        <Justification value="None" />
        <Offset value="0" />
        <Characters value="0" />
        <Places value="0" />
      </Properties>
      <Properties name="SIGNED">
        <Justification value="None" />
        <Offset value="0" />
        <Characters value="0" />
        <Places value="0" />
      </Properties>
      <Properties name="SREAL">
        <Justification value="Decimal" />
        <Offset value="14" />
        <Characters value="0" />
        <Places value="0" />
      </Properties>
      <Properties name="TYPE">
        <Justification value="None" />
        <Offset value="0" />
        <Characters value="0" />
        <Places value="0" />
      </Properties>
      <Properties name="ULONG">
        <Justification value="Right" />
        <Offset value="1" />
        <Characters value="0" />
        <Places value="0" />
      </Properties>
      <Properties name="UNSIGNED">
        <Justification value="None" />
        <Offset value="0" />
        <Characters value="0" />
        <Places value="0" />
      </Properties>
    </Properties>
    <CopyDescriptionToMessage value="True" />
    <CopyDescriptionToToolTip value="True" />
    <DisplayTablePrefix value="True" />
    <DisplayTableDriver value="True" />
    <DisplayTableDescription value="True" />
    <QuickViewType value="Simple" />
    <DisplayColumnPrefix value="False" />
    <DisplayColumnDerivation value="False" />
    <DisplayColumnType value="True" />
    <DisplayColumnPicture value="True" />
    <DisplayColumnDescription value="True" />
    <DisplayKeyPrefix value="False" />
    <DisplayKeyType value="True" />
    <DisplayKeyComponents value="False" />
    <DisplayKeyUnique value="True" />
    <DisplayKeyPrimary value="True" />
    <DisplayKeyOtherAttributes value="True" />
    <DisplayKeyDescription value="True" />
    <LocatorOnToolbar value="False" />
    <HotKeysOnTabs value="False" />
    <InitialVersion value="Initial Version" />
    <Freeze value="Ask" />
    <LoadConvertProject value="Ask" />
    <AddVersionComment value="True" />
    <VersionComment value="**** Version {version} added" />
    <IncrementalSearchTimeout value="300" />
    <AskBeforePartialSave value="True" />
    <DefaultDriver value="TOPSPEED" />
    <ThreadDefault value="True" />
    <OEMDefault value="False" />
  </Properties>
  <Properties name="SoftVelocity.Generator.ApplicationService">
    <HaveLocator value="True" />
    <LocatorOnToolbar value="True" />
    <OnSolutionLoadedEditApp value="True" />
    <cacheAppAfterEdit value="False" />
    <RestoreSolutionViewState value="False" />
    <ApplicationPadSplitter1 value="645" />
    <generationModeConditional value="GlobalOption" />
    <generateTrace value="GlobalOption" />
    <generateSelection value="All" />
    <makeAndRunWihtDebuger value="Off" />
    <generateBeforeBuild value="On" />
    <OnSolutionLoadedAllwaysAllowLibHunter value="False" />
    <EditDataAsTxa value="False" />
  </Properties>
  <Properties name="Clarion.Versions">
    <Properties name="Clarion 9.0.10376">
      <path value="D:\Clarion9\bin" />
      <IsWindowsVersion value="True" />
      <IsClarion62 value="False" />
      <Properties name="RedirectionFile">
        <Name value="Clarion90.red" />
        <SupportsInclude value="True" />
        <Properties name="Macros">
          <root value="D:\Clarion9" />
          <reddir value="D:\Clarion9\bin" />
        </Properties>
      </Properties>
      <libsrc value="D:\Clarion9\Accessory\libsrc\win;D:\Clarion9\libsrc\win" />
      <Properties name="Compilers">
        <clw value="Claclw.dll" />
        <cpp value="Clacpp.dll" />
        <mod value="Clamod.dll" />
        <asm value="Claasm.dll" />
        <lpe value="Clalpe.dll" />
      </Properties>
      <CWVersion value="9000" />
      <ini value="" />
      <DdeTimeOut value="0" />
    </Properties>
    <Properties name="Clarion.NET 2.0.10376">
      <path value="D:\Clarion9\bin" />
      <IsWindowsVersion value="False" />
      <Properties name="RedirectionFile">
        <Name value="ClarionNet20.red" />
        <SupportsInclude value="True" />
        <Properties name="Macros">
          <root value="D:\Clarion9" />
          <reddir value="D:\Clarion9\bin" />
        </Properties>
      </Properties>
      <libsrc value="D:\Clarion9\libsrc\DotNet" />
      <ini value="" />
    </Properties>
    <Properties name="Clarion 9.1.11529">
      <path value="D:\Clarion91\bin" />
      <IsWindowsVersion value="True" />
      <IsClarion62 value="False" />
      <Properties name="RedirectionFile">
        <Name value="Clarion90.red" />
        <SupportsInclude value="True" />
        <Properties name="Macros">
          <root value="D:\Clarion91" />
          <reddir value="D:\Clarion91\bin" />
        </Properties>
      </Properties>
      <libsrc value="D:\Clarion91\Accessory\libsrc\win;D:\Clarion91\libsrc\win" />
      <Properties name="Compilers">
        <clw value="Claclw.dll" />
        <cpp value="Clacpp.dll" />
        <mod value="Clamod.dll" />
        <asm value="Claasm.dll" />
        <lpe value="Clalpe.dll" />
      </Properties>
      <CWVersion value="9100" />
      <ini value="" />
      <DdeTimeOut value="0" />
    </Properties>
    <Properties name="Clarion.NET 2.0.11529">
      <path value="D:\Clarion91\bin" />
      <IsWindowsVersion value="False" />
      <Properties name="RedirectionFile">
        <Name value="ClarionNet20.red" />
        <SupportsInclude value="True" />
        <Properties name="Macros">
          <root value="D:\Clarion91" />
          <reddir value="D:\Clarion91\bin" />
        </Properties>
      </Properties>
      <libsrc value="D:\Clarion91\libsrc\DotNet" />
      <ini value="" />
    </Properties>
  </Properties>
  <Properties name="RecentOpen" />
  <RemoveMissingRecents value="True" />
  <DeleteWillSendToRecycleBin value="True" />
  <Properties name="SoftVelocity.Lic">
    <Name value="Daniel Sotelo" />
    <Serial value="R4QE7T-GD3FA7-9DZNPA-FA48A1-1AENZE-1ASCGU-7KE3GG-VEYTJF-D4JUXT-RC529C-XN9F" />
    <ClarionSharpSerial value="" />
    <Serial_9.1 value="Q8CXLN-JFNY2F-BBHTAJ-PKR821-1AENZE-1ASCGU-7KUSGG-VZ29TE-A68BNB-GFQJYL-XMHRR8-8Q" />
    <ClarionSharpSerial_9.1 value="" />
  </Properties>
  <ShowStatusMessage value="True" />
  <ShowStatusProgress value="True" />
  <ShowNotification value="False" />
  <ICSharpCode.SharpDevelop.Gui.UseProfessionalRenderer value="True" />
  <ICSharpCode.SharpDevelop.Gui.ProfessionalRendererColorTableStyles value="Default" />
  <Properties name="CodeCompletionOptions">
    <EnableCC value="True" />
    <TooltipsEnabled value="True" />
    <TooltipsOnlyWhenDebugging value="False" />
    <InsightRefreshOnComma value="True" />
    <InsightEnabled value="True" />
    <CompleteWhenTyping value="True" />
    <ShrinkListWhenTyping value="True" />
    <NewLineOnEnterAfterFullWord value="True" />
    <CompleteOnInsertionKey value="False" />
    <DataUsageCacheEnabled value="True" />
    <KeywordCompletionEnabled value="True" />
    <DataUsageCacheItemCount value="500" />
  </Properties>
  <Workbench.CurrentLayout value="Application" />
  <MergedTools value="Clarion-tools" />
  <ICSharpCode.SharpDevelop.Gui.UseSmallIconsInToolbar value="False" />
  <Properties name="ToolbarService">
    <DocumentIconSize value="24" />
    <DocumentHeight value="42" />
    <FrameIconSize value="24" />
    <FrameHeight value="42" />
    <PadIconSize value="16" />
    <PadHeight value="34" />
  </Properties>
  <Properties name="WorkbenchMemento">
    <bounds value="2838,168,1914,1113" />
    <windowstate value="Normal" />
    <defaultstate value="Normal" />
  </Properties>
  <Properties name="Workspace.ViewMementos" />
  <Properties name="ICSharpCode.SharpDevelop.Gui.FullscreenOptions">
    <HideMainMenu value="False" />
    <ShowMainMenuOnMouseMove value="True" />
    <HideToolbars value="True" />
    <HideStatusBar value="True" />
    <ShowStatusBarOnMouseMove value="True" />
  </Properties>
  <ICSharpCode.SharpDevelop.Gui.ToolBarVisible value="True" />
  <ICSharpCode.SharpDevelop.Gui.StatusBarVisible value="True" />
  <SharpDevelop.LoadPrevProjectOnStartup value="False" />
  <Array name="Browser.URLBoxHistory" />
  <Properties name="CoreProperties.ComponentsFont">
    <Array name="ListOfFonts">
      <Element value="ListControls|List Controls|Segoe UI,9" />
      <Element value="StartPage|Start Page|Segoe UI,17" />
      <Element value="TextEditor|Text Editor, Output Window (Proportional Font)|Consolas,11" />
    </Array>
  </Properties>
  <Properties name="AppGen Dialogs">
    <DlgFontName value="Segoe UI" />
    <DlgFontSize value="9" />
    <DlgFontStyle value="400" />
  </Properties>
  <SharpDevelop.LoadDocumentProperties value="True" />
  <ICSharpCode.SharpDevelop.Gui.Dialogs.NewProjectDialog.DefaultPath value="D:\Clarion9Exm\DLLTutorImpLib" />
  <Properties name="StartingDirectories">
    <U002A.sln value="E:\Dev9BestCase\MeansTestTool" />
    <U002A.clw value="" />
    <ClaU002A.dll value="" />
    <U002A.U002A value="E:\DecSys\Templates\Super" />
    <U002A.lib value="" />
    <U002A.app value="" />
    <U002A.tpl value="" />
    <U002A.dct value="D:\Clarion9Exm\Examples\DLLTutor" />
  </Properties>
  <SharpDevelop.UseReleaseAsDefault value="True" />
  <SharpDevelop.PreferenceInSolutionFolder value="False" />
  <SharpDevelop.UseLastSolutionFolderForDefault value="True" />
  <Properties name="Application">
    <CondGeneration value="on" />
    <DebugGeneration value="off" />
    <Auto_Make value="on" />
    <Auto_Designer value="on" />
    <Xlat_MASK value="off" />
    <Repeat_Procedures value="on" />
    <PopulateMain value="off" />
    <RequireDictionary value="off" />
    <MultiUser value="off" />
    <AutoSaveSize value="16" />
    <ApplicationWizard value="off" />
    <ProcedureWizard value="on" />
    <NameClash value="0" />
    <ModuleProcs value="10" />
    <Debug_File value="&quot;C:\tpldebug.txt&quot;" />
    <DefaultDictionary value="&quot;&quot;" />
    <DisableField value="off" />
    <TranslateControl value="on" />
    <LocalMap value="off" />
    <AskOnOK value="off" />
    <AskOnClose value="on" />
    <AskOnCancel value="on" />
    <LegacyAction value="1" />
    <ShowPriority value="on" />
    <AlphaSortEmbeds value="off" />
    <CommentEmbeds value="off" />
    <StrictRuntimeError value="on" />
    <IgnoreFamily value="off" />
    <Cw21ProcedureCall value="off" />
    <TranslateErrors value="on" />
    <CacheGlobalEmbed value="off" />
    <CacheProcedureEmbed value="off" />
    <RefreshEmbedAfterSource value="on" />
    <MaxCachedEmbeds value="32" />
    <RecursiveText value="&quot; (Recursive)&quot;" />
    <ExpandAboveText value="&quot; (Expanded Above)&quot;" />
    <LastSelectTab value="1" />
    <UseLongFilenames value="on" />
    <ComplexEmbedTree value="on" />
    <UseDotSyntax value="off" />
    <LockRetries value="50" />
  </Properties>
  <ProjectBrowser.ShowAll value="False" />
  <MaximumRecentEntries value="16" />
  <Properties name="SharpDevelop.UI.OutputWindowOptions">
    <WordWrap value="True" />
  </Properties>
  <SharpDevelop.CloseStartPageOnSolutionOpening value="True" />
  <Properties name="ICSharpCode.TextEditor.Document.Document.DefaultDocumentAggregatorProperties">
    <Encoding value="1252" />
    <ShowBracketHighlight value="True" />
    <LineViewerStyle value="None" />
    <ShowHRuler value="False" />
    <EnableFolding value="True" />
    <ShowQuickClassBrowserPanel value="True" />
    <ShowErrors value="True" />
    <CursorBehindEOL value="True" />
    <TabIndent value="4" />
    <TabsToSpaces value="True" />
    <IndentationSize value="4" />
    <TextRenderingHint value="SystemDefault" />
    <IconBarVisible value="True" />
    <ShowLineNumbers value="True" />
    <ShowSpaces value="False" />
    <ShowEOLMarkers value="False" />
    <ShowVRuler value="False" />
    <MouseWheelScrollDown value="True" />
    <BracketMatchingStyle value="After" />
    <HideMouseCursor value="False" />
    <DocumentSelectionMode value="Normal" />
    <AutoInsertTemplates value="True" />
    <IndentStyle value="Auto" />
    <ShowInvalidLines value="False" />
    <ShowTabs value="False" />
    <MouseWheelTextZoom value="True" />
    <AutoInsertCurlyBracket value="True" />
    <CutCopyWholeLine value="False" />
    <VRulerRow value="80" />
  </Properties>
  <Properties name="ClarionWindows.GeneralOptions">
    <ProjectParsingCondition value="ParseHandCodedAndOpenedApp" />
    <UseLightweightParsingMode value="True" />
    <CopyDlls value="True" />
  </Properties>
  <Array name="SharpDevelop.TaskListTokens">
    <Element value="HACK" />
    <Element value="TODO" />
    <Element value="UNDONE" />
    <Element value="FIXME" />
  </Array>
  <Properties name="SoftVelocity.FileSchemaPad">
    <FileSchemaPadHorizontal value="False" />
    <FileSchemaPadHorizontalSeperator value="0" />
  </Properties>
  <Properties name="ClarionEditor">
    <ShowBlockIndentDialog value="True" />
    <DisplayRedDialog value="True" />
    <LineOfCodeWidth value="80" />
  </Properties>
  <SharpDevelop.FileChangeWatcher.DetectExternalChanges value="True" />
  <Properties name="SharpDevelop.UI.CodeGenerationOptions">
    <BlankLinesBetweenMembers value="True" />
    <StartBlockOnSameLine value="True" />
    <ElseOnClosing value="True" />
    <GenerateAdditionalComments value="True" />
    <GenerateDocumentComments value="True" />
    <UseFullyQualifiedNames value="True" />
  </Properties>
  <SharpDevelop.UI.UseProjectAmbience value="True" />
  <SharpDevelop.UI.CurrentAmbience value="Clarion" />
  <Properties name="ICSharpCode.Svn.Options">
    <UseHistoryDisplayBinding value="True" />
    <AutomaticallyRenameFiles value="True" />
    <AutomaticallyAddFiles value="True" />
  </Properties>
  <Properties name="ClarionEditor.CodeCompletion">
    <Properties name="Clarion">
      <MergeOverriddenMethods value="True" />
      <ListRowsNumber value="10" />
      <RememberListWidth value="True" />
      <CompletionListWidth value="444" />
      <UseEnhancedList value="True" />
      <AddCodeSnippets value="True" />
      <EnableAutoLineContinuation value="False" />
      <NamesCompletionRule value="2" />
      <ValidEndChars value=")'._:]}?;#&quot;$" />
      <KeywordsCompletionRule value="0" />
    </Properties>
  </Properties>
  <Properties name="ClarionEditor.Autoformatter">
    <PreferredColumn value="21" />
    <EnableEnteredLineFormatting value="True" />
    <IndentStatementsFromCODE value="True" />
    <TreatStatementEndsWithColonAsLabel value="False" />
    <IndentComments value="False" />
    <FormatTextAfterPastingSeveralLines value="False" />
    <DontIndentCommentsOnFirstCol value="True" />
    <SetProgramToPreferredCol value="True" />
    <SetNamespaceToPreferredCol value="True" />
    <SetUsingToPreferredCol value="False" />
    <SetMapToPreferredCol value="True" />
    <SetPragmaToPreferredCol value="False" />
    <IndentOfFromCase value="False" />
    <FormatBlockAfterEnd value="False" />
    <FormatBlockAfterEndOnlyInCode value="True" />
    <ContinuousLineIndentMultiplier value="1" />
  </Properties>
  <SharpDevelop.LineTerminatorStyle value="Windows" />
  <SharpDevelop.LoggerVerbosity value="Normal" />
  <SharpDevelop.BuildAsProcess value="True" />
  <SharpDevelop.BuildProcesses value="1" />
  <SharpDevelop.ShowErrorListAfterBuild value="True" />
  <SharpDevelop.TaskView.TaskViewColumnsWidth.Type value="24" />
  <SharpDevelop.TaskView.TaskViewColumnsWidth.Line value="50" />
  <SharpDevelop.TaskView.TaskViewColumnsWidth.Description value="28" />
  <SharpDevelop.TaskView.TaskViewColumnsWidth.File value="7" />
  <SharpDevelop.TaskView.TaskViewColumnsWidth.Path value="7" />
  <SharpDevelop.TaskView.TaskViewColumnsWidth.List value="121" />
  <SharpDevelop.ErrorList.TaskViewColumnsWidth.Type value="24" />
  <SharpDevelop.ErrorList.TaskViewColumnsWidth.Line value="50" />
  <SharpDevelop.ErrorList.TaskViewColumnsWidth.Description value="85" />
  <SharpDevelop.ErrorList.TaskViewColumnsWidth.File value="18" />
  <SharpDevelop.ErrorList.TaskViewColumnsWidth.Path value="18" />
  <SharpDevelop.ErrorList.TaskViewColumnsWidth.List value="200" />
  <Properties name="SearchAndReplaceProperties">
    <SearchAndReplaceBinding value="Current Document" />
    <LookInFiletypes value="*.*" />
    <MatchCase value="False" />
    <MatchWholeWord value="False" />
    <IncludeSubdirectories value="False" />
    <IncludeReadOnlyBlocks value="True" />
    <SearchStrategyType value="Normal" />
    <LookIn value="" />
    <FindPatterns value="fctcalenÿcreate(ÿcreateÿSEsc1ÿlSLenÿSAux1ÿAlg1ÿ'&lt;bÿOpTot1ÿrowspanÿAQ_Caÿfree(DQ_Cÿfree(DQÿloadtransÿdq_Car1ÿWriteIncomeHtmlBtnÿ.LoadTransÿDQ_CarÿDQ_Car1ÿadd(DQ_Car1ÿDQ_Car1ÿWriteIncomeHtmRtnÿWriteIncomeHtmlBtnÿWriteIncomeHtmÿWriteIncomeHtmRtnÿDBFocusÿexists(ÿabout...ÿsetfocusÿGetFocusÿabout.ÿaboutÿscanbcÿscannerÿfrom scannÿevent:Loseÿeven:tloseÿevent:gainfoÿsetfocusÿ*cstringÿGlom:LostFocusHasOccuredÿSetFocusÿGlom:LostFocusHasOccuredÿLostFocusHasOccuredÿBcsProgDir = UPPER(SHORTPATHÿGETINI(TeCfgSection,'ViewZoomPÿBestCQEdINIÿLostFocusHasOccuredÿEVENT() AND ACCEPTED() AND TerHWndÿ! Chm Hook works --&gt; HELP('bÿINIRestoreWindowÿOF EVENT:RestoredÿTeCfgIniÿBestCQEdINIÿGetINIRtn   ROUTINEÿBcsProgDir = UPPER(SHOÿevent:gainfocusÿevent:losefocusÿcopyrightÿIniFileÿIniSectionÿINIFileÿhelpaboutÿaboutÿmenuaboutÿgetmenustrÿDB('AddItemIdQ','Item FEQ=' &amp; ItemIdQ.ItemFEÿEQUATE('BestCWnd.INI')ÿ.chmÿchmÿstop(ÿprop:xpoÿlicenseÿLoadTerControlÿloadterconÿÿINIClass.InitÿL:ActionURLÿurl1ÿi:nilÿAddElementÿAddParentÿsize(ÿ:nilÿ:nileÿElement))ÿclip(CleanXML(ÿcleanxml(ÿ2048ÿXMLFileWriteÿstartupÿSecQSetÿRegisterAddinÿTranslatorClassÿTranslatorÿcuraddÿaddinÿaddinsÿcnveng.ÿruleclassÿCNVENG.ÿApplicationClassÿVirtualFeqCheckÿProcedureListÿProcQueueTypeÿerrors.clwÿerrors.ÿcodeÿIFileOpenServerÿ.Releaseÿ.closefileÿ.closefile(ÿFileOpenServer.ÿ.FindRecordÿstatusqÿepocÿ.OpenedÿIsOpenErrÿlegacyÿlegacyÿ.closeÿlegacyÿfilemanagerÿlegacyÿ.closeÿHide:Access:Customerÿ.OpenedÿGetOpenedÿ.UseMRPÿ.usefileÿasciiviewerÿasciiÿ_EXEÿtakeeventÿRestoreFromTrayÿNotify:RestoreFromTrayÿWinExtSubClassFuncÿSC_RESTOREÿProcessÿGetCurrentProcessIDÿbackgroundÿbackgroÿFLCacheQ:ÿLoadFileListXmlFileÿflcachÿflcacheÿLoadQOutÿloadqtypeÿdb('loadlÿdb('load ÿdb(ÿ@fÿinitkillÿ-&gt; callÿinitkillÿ @fÿdb(ÿDebug_LoadFileListÿDebug_LoadFileListDBÿdebugÿCirTreeQÿdb(ÿadd(WhereUProcQÿ @fÿ' @fÿinit killÿWhereUProcQ:Callÿinit killÿ?Tab:MapTreeÿstop(ÿGetCompileLevelÿBuildWhereUTreeQRtnÿCirTreeQ:ProcNameÿWhereUTreeQ:TLevelÿCompOrdQ:LevelÿCompOrdQ:Level   ÿf#ÿ'@ÿ'@fÿInitKillRtnÿdelprocÿCallListQ:Levelÿcalllistÿcase accepÿCallListQ:LibNameÿscrollÿwindow(ÿNotFndQÿnotfnÿWhereUTreeQÿ(circle)ÿsetclipbÿmouserightÿCirTreeQ:CallerListÿsetclipÿadd(CirTreeQÿadd(ÿSETCLIPÿ...ÿsetclipbÿDelCirTreeInitKillRtnÿinitkillÿinikillÿLoad1CirTreeQFromMapTreeQRtnÿadd(CirTreeQÿLoopInnerCallstrÿ  1ÿCirTreeQ:CallerListÿput(CirTreeQÿand we shÿAddLogQÿbuild mapÿLowLevelQ:MapFNÿGetLibNameFromFileListXmlFNÿLowLevelQ:MapFNÿLastCallerÿLoadMapFileÿLowLevelQ:MapFNÿmouserightÿgetini(ÿDoMapDataÿ'@ÿCallListQ:LibNameÿCallListQ:ProcNameÿCircleQ:atLevelÿdspctÿBuildCompOrdQRtnÿCircleQ:atLevelÿCirTreeQ:Level" />
    <ReplacePatterns value="sUnEsc1ÿXEÿSEsc1ÿAlgÿDQ_Car1ÿGlom:LostFocusHasOccuredÿTeCfgIniÿBestCQEdINIÿTeCfgSectionÿCleanXML(ÿCNVENtst.ÿFLCacheQ.ÿMapTreeQÿCallListQ:DLevel" />
    <MultiLineMatch value="True" />
  </Properties>
  <ICSharpCode.SharpDevelop.Gui.SearchAndReplaceDialog.Location value="2430, 302" />
  <FormsDesigner.DesignerOptions.GridSizeWidth value="8" />
  <FormsDesigner.DesignerOptions.GridSizeHeight value="8" />
  <FormsDesigner.DesignerOptions.ShowGrid value="True" />
  <FormsDesigner.DesignerOptions.SnapToGrid value="True" />
  <FormsDesigner.DesignerOptions.UseSmartTags value="True" />
  <FormsDesigner.DesignerOptions.UseSnapLines value="True" />
  <FormsDesigner.DesignerOptions.EnableInSituEditing value="True" />
  <FormsDesigner.DesignerOptions.ObjectBoundSmartTagAutoShow value="True" />
  <FormsDesigner.DesignerOptions.UseOptimizedCodeGeneration value="True" />
  <WindowDesigner.DesignerOptions.GridSizeWidth value="8" />
  <WindowDesigner.DesignerOptions.GridSizeHeight value="8" />
  <WindowDesigner.DesignerOptions.ShowGrid value="True" />
  <WindowDesigner.DesignerOptions.SnapToGrid value="True" />
  <WindowDesigner.DesignerOptions.UseSmartTags value="True" />
  <WindowDesigner.DesignerOptions.UseSnapLines value="True" />
  <WindowDesigner.DesignerOptions.ObjectBoundSmartTagAutoShow value="True" />
  <WindowDesigner.DesignerOptions.AskforC6Compatible value="True" />
  <WindowDesigner.DesignerOptions.EnableSuppressTransparency value="True" />
  <WindowDesigner.DesignerOptions.EnableUseVisualStyles value="True" />
  <WindowDesigner.DesignerOptions.OpenLargeSurface value="False" />
  <WindowDesigner.DesignerOptions.ShowCommandToolbar value="True" />
  <WindowDesigner.DesignerOptions.ShowPropertiesToolbar value="False" />
  <WindowDesigner.DesignerOptions.SelectToolboxonRun value="False" />
  <FormsDesigner.DesignerOptions.PropertyGridSortAlphabetical value="False" />
  <Properties name="WindowPositions">
    <Properties name="SoftVelocity.ClarionNet.ClaFormatParser.ListFmtDlg">
      <bounds value="536,156,847,858" />
    </Properties>
    <Properties name="SoftVelocity.Common.Redirection.OpenViaRedirectionFile+LoadViaRedDialog">
      <bounds value="875, 665, 560, 165" />
    </Properties>
    <Properties name="SoftVelocity.Common.Dialogs.FileDrivers.RegisterFileDrivers+FileDriverListDialog">
      <bounds value="772,354,541,438" />
    </Properties>
    <Properties name="HostedDialogPrompts Based Dialog">
      <bounds value="691,409,538,351" />
    </Properties>
    <Properties name="HostedDialogSyncWizard">
      <bounds value="700,384,519,402" />
    </Properties>
    <Properties name="HostedDialogNew Application Properties">
      <bounds value="698,395,524,379" />
    </Properties>
    <Properties name="HostedDialogApplication Options">
      <bounds value="745,278,430,613" />
    </Properties>
    <Properties name="HostedDialogSelection Dialog">
      <bounds value="637,382,646,406" />
    </Properties>
    <Properties name="SoftVelocity.Common.Dialogs.FileDrivers.SelectFileDriverDialog">
      <bounds value="615, 361, 405, 489" />
    </Properties>
    <Properties name="SearchAndReplaceDialog">
      <location value="281, 143" />
    </Properties>
    <Properties name="OptionsDialog">
      <bounds value="3244, 292, 730, 602" />
    </Properties>
    <Properties name="GotoDialog">
      <bounds value="0, 0, 413, 292" />
    </Properties>
    <Properties name="HostedDialogProcedure Name">
      <bounds value="817,534,286,101" />
    </Properties>
  </Properties>
  <ReportDesigner.DesignerOptions.ShowPropertiesToolbar value="False" />
  <OptionsDialog.Location value="740, 276, 730, 602" />
  <CoreProperties.QuietMode value="True" />
  <SearchAndReplace.SearchResultPanelViewMode value="Flat" />
  <ICSharpCode.SharpDevelop.Gui.GotoDialog.Bounds value="839, 422, 413, 292" />
  <Dialogs.NewProjectDialog.LargeImages value="True" />
  <Dialogs.NewProjectDialog.LastSelectedCategory value="Clarion for Windows" />
  <ICSharpCode.SharpDevelop.Gui.NewProjectDialog.AutoCreateProjectSubdir value="False" />
  <Properties name="XmlEditor.AddIn.Options">
    <ext.targets value="" />
    <ShowAttributesWhenFolded value="False" />
    <ext.map value="" />
  </Properties>
  <Properties name="Environment">
    <Properties name="File Drivers">
      <Claado.dll value="installed" />
      <Claasc.dll value="installed" />
      <Clabas.dll value="installed" />
      <Clabtr.dll value="installed" />
      <Clacla.dll value="installed" />
      <Claclp.dll value="installed" />
      <Cladb3.dll value="installed" />
      <Cladb4.dll value="installed" />
      <Clados.dll value="installed" />
      <Clafox.dll value="installed" />
      <Clamem.dll value="installed" />
      <Clamss.dll value="installed" />
      <Claodb.dll value="installed" />
      <Claora.dll value="installed" />
      <Clasca.dll value="installed" />
      <Clasqa.dll value="installed" />
      <Clalit.dll value="installed" />
      <Clatps.dll value="installed" />
      <ClaADO.dll value="installed" />
      <ClaASC.dll value="installed" />
      <ClaBAS.dll value="installed" />
      <ClaBTR.dll value="installed" />
      <ClaCLA.dll value="installed" />
      <ClaCLP.dll value="installed" />
      <ClaDB3.dll value="installed" />
      <ClaDB4.dll value="installed" />
      <ClaDOS.dll value="installed" />
      <ClaFOX.dll value="installed" />
      <ClaLIT.dll value="installed" />
      <ClaMSS.dll value="installed" />
      <ClaODB.dll value="installed" />
      <ClaORA.dll value="installed" />
      <ClaSCA.dll value="installed" />
      <ClaSQA.dll value="installed" />
      <ClaTPS.dll value="installed" />
      <Version value="1" />
    </Properties>
    <Properties name="Data Dictionaries">
      <Properties name="Clarion Dictionary">
        <DLL value="Cladct.dll" />
        <deletable value="0" />
      </Properties>
      <Properties name="Clarion TXD File">
        <DLL value="Cladct.dll" />
        <deletable value="0" />
      </Properties>
      <Properties name="Clarion XML File">
        <DLL value="Cladct.dll" />
        <deletable value="0" />
      </Properties>
      <Properties name="C6 Clarion Dictionary File">
        <DLL value="Cladct.dll" />
        <deletable value="0" />
      </Properties>
      <Properties name="Comma Delimited Files (Basic)">
        <DLL value="ClaBASS.DLL" />
        <deletable value="1" />
      </Properties>
      <Properties name="Btrieve Files via DDF">
        <DLL value="ClaBTRS.DLL" />
        <deletable value="1" />
      </Properties>
      <Properties name="Btrieve Files">
        <DLL value="ClaBTRS.DLL" />
        <deletable value="1" />
      </Properties>
      <Properties name="Clarion .DAT Files">
        <DLL value="ClaCLAS.DLL" />
        <deletable value="1" />
      </Properties>
      <Properties name="Clipper Files">
        <DLL value="ClaCLPS.DLL" />
        <deletable value="1" />
      </Properties>
      <Properties name="dBaseIII Files">
        <DLL value="ClaDB3S.DLL" />
        <deletable value="1" />
      </Properties>
      <Properties name="dBaseIV Files">
        <DLL value="ClaDB4S.DLL" />
        <deletable value="1" />
      </Properties>
      <Properties name="FoxPro Files">
        <DLL value="ClaFOXS.DLL" />
        <deletable value="1" />
      </Properties>
      <Properties name="SQLite">
        <DLL value="ClaLitS.DLL" />
        <deletable value="1" />
      </Properties>
      <Properties name="Microsoft SQL Server">
        <DLL value="ClaMSSS.DLL" />
        <deletable value="1" />
      </Properties>
      <Properties name="ODBC">
        <DLL value="ClaODBCS.DLL" />
        <deletable value="1" />
      </Properties>
      <Properties name="Oracle">
        <DLL value="ClaORAS.DLL" />
        <deletable value="1" />
      </Properties>
      <Properties name="Pervasive SQL Server">
        <DLL value="ClaSCAS.DLL" />
        <deletable value="1" />
      </Properties>
      <Properties name="SQL Anywhere Server">
        <DLL value="ClaSQAS.DLL" />
        <deletable value="1" />
      </Properties>
      <Properties name="TopSpeed Files">
        <DLL value="ClaTPSS.DLL" />
        <deletable value="1" />
      </Properties>
    </Properties>
  </Properties>
  <SharpDevelop.FileChangeWatcher.AutoLoadExternalChanges value="True" />
  <ReportDesigner.DesignerOptions.GridSizeWidth value="8" />
  <ReportDesigner.DesignerOptions.GridSizeHeight value="8" />
  <ReportDesigner.DesignerOptions.ShowGrid value="True" />
  <ReportDesigner.DesignerOptions.SnapToGrid value="True" />
  <ReportDesigner.DesignerOptions.UseSmartTags value="True" />
  <ReportDesigner.DesignerOptions.UseSnapLines value="True" />
  <ReportDesigner.DesignerOptions.ObjectBoundSmartTagAutoShow value="True" />
  <ReportDesigner.DesignerOptions.EnableSuppressTransparency value="True" />
  <ReportDesigner.DesignerOptions.SnapToGridMode value="False" />
  <ReportDesigner.DesignerOptions.EnableHideHiddenControls value="False" />
  <ReportDesigner.DesignerOptions.ShowCommandToolbar value="True" />
  <ReportDesigner.DesignerOptions.SelectToolboxonRun value="False" />
  <ReportDesigner.DesignerOptions.OpenControlTemplates value="True" />
  <WindowDesigner.DesignerOptions.OpenControlTemplates value="True" />
  <Properties name="Type32">
    <signed value="long" />
    <unsigned value="long" />
    <handle value="long" />
    <bool value="long" />
  </Properties>
  <Properties name="Control Synchronization">
    <ApplicationLoad value="off" />
    <Windows value="on" />
    <Reports value="on" />
    <SyncVariables value="off" />
    <PrimaryAttrOnly value="off" />
    <ChangeControlTypes value="on" />
    <SyncDropNonDrop value="off" />
    <ClearHelpEtc value="off" />
    <ClearAlrtEtc value="off" />
    <OverrideSize value="on" />
    <Refreeze value="on" />
    <IgnoreFreeze value="off" />
    <SyncListbox value="on" />
    <SyncHeading value="2" />
    <WarnDialog value="on" />
    <WarnOnResize value="off" />
    <WarnFile value="&quot;sync.txt&quot;" />
    <ClearFont value="off" />
    <ClearCursor value="off" />
    <ClearIcon value="off" />
    <ClearAlert value="off" />
    <ClearKey value="off" />
    <ClearColor value="off" />
    <ClearTally value="off" />
  </Properties>
  <Properties name="Virtual Embed">
    <ShowStart value="on" />
    <ShowEnd value="on" />
    <StartPrefix value="&quot;! Start of &quot;&quot;&quot;" />
    <StartSuffix value="&quot;&quot;&quot;&quot;" />
    <EndPrefix value="&quot;! End of &quot;&quot;&quot;" />
    <EndSuffix value="&quot;&quot;&quot;&quot;" />
    <EditErrors value="on" />
    <DefaultEditor value="off" />
  </Properties>
  <Properties name="Registry">
    <Default_Width value="300" />
    <Default_Height value="200" />
    <MessageLines value="2" />
    <Reregister_if_changed value="on" />
    <Update_Template_Chain value="off" />
    <Recreate_deleted_templates value="off" />
    <EnableAssert value="on" />
  </Properties>
  <Properties name="Clarion.WindowPreviewer">
    <TabStyle value="Default" />
    <ListLineHeight value="0" />
  </Properties>
  <SharpDevelop.KillProcessBeforeBuild value="False" />
  <SharpDevelop.KillCCCEXEBeforeBuild value="True" />
  <Properties name="TaskViewControls">
    <Properties name="ErrorList.Columns">
      <Description value="1022" />
      <File value="220" />
      <Path value="220" />
    </Properties>
  </Properties>
  <Properties name="DataDiagrammer">
    <InitialZoomFactor value="70" />
    <GridOption value="Points" />
    <ShowRelations value="False" />
    <TableGridLines value="False" />
    <TableDrawingOption value="Collapsed" />
    <TableFontColor value="Black" />
    <TableBackGroundColor value="White" />
    <DiagramBackGroundColor value="White" />
    <ArrowColor value="Black" />
    <BackgroundImage value="" />
    <PrintDiagramBackgroundColor value="False" />
    <PrintDiagramBackgroundImage value="False" />
    <PrintTableFillColor value="False" />
    <ArrangeOnExpandCollapse value="True" />
    <DblClickExpandsCollapses value="False" />
  </Properties>
  <FormsDesigner.DesignerOptions.InsertTodoComment value="False" />
  <FormsDesigner.DesignerOptions.ActivateOnFileOpen value="True" />
  <FormsDesigner.DesignerOptions.SnapToGridMode value="False" />
  <WindowDesigner.DesignerOptions.PropertyGridSortAlphabetical value="False" />
  <WindowDesigner.DesignerOptions.AskforSaveonClose value="True" />
  <SharpDevelop.CreateBackupCopy value="False" />
  <Dialogs.NewFileDialog.LastSelectedCategory value="Clarion" />
  <Clarion.Version value="D:\C6\BIN" />
</ClarionProperties>